College_ID,IQ,Prev_Sem_Result,CGPA,Academic_Performance,Internship_Experience,Extra_Curricular_Score,Communication_Skills,Projects_Completed,Placement
CLG0057,95,5.11,5.59,2,No,1,3,5,No
CLG0080,71,8.82,8.74,5,Yes,0,3,1,No
CLG0056,100,5.23,4.91,2,No,5,1,2,No
CLG0093,73,6.07,5.95,7,Yes,10,10,3,No
CLG0076,107,7.04,6.6,3,No,9,7,5,No
CLG0074,94,5.84,6.16,10,No,0,8,5,No
CLG0050,124,7.73,7.96,3,No,8,3,1,No
CLG0012,117,6.78,7.13,3,Yes,5,9,5,Yes
CLG0088,87,8.83,8.91,4,Yes,6,5,4,No
CLG0094,119,5.62,6.05,7,Yes,5,3,1,No
CLG0012,106,8.41,8.2,10,No,4,10,5,Yes
CLG0094,89,8.84,9.08,5,Yes,3,3,5,No
CLG0020,91,5.02,4.68,8,Yes,9,4,0,No
CLG0045,103,7.13,6.99,10,Yes,10,10,5,No
CLG0013,95,5.87,5.48,1,Yes,3,4,1,No
CLG0075,109,9.14,9.04,2,No,8,1,3,No
CLG0093,85,8.16,8.48,7,Yes,0,7,0,No
CLG0094,72,5.75,5.44,4,No,9,8,0,No
CLG0069,100,9.88,9.81,1,No,5,10,0,No
CLG0008,90,7.87,7.72,9,No,3,10,1,No
CLG0080,113,5.84,5.85,5,No,0,5,3,No
CLG0030,93,6.96,6.89,8,Yes,1,3,0,No
CLG0086,93,5.72,5.26,3,No,10,7,3,No
CLG0090,106,9.53,9.34,8,Yes,10,2,5,No
CLG0068,114,7.39,7.17,6,Yes,8,9,0,No
CLG0023,101,8.71,8.43,9,No,10,2,4,No
CLG0034,83,7.63,7.93,1,Yes,5,3,5,No
CLG0018,86,7.36,7.59,2,Yes,3,1,4,No
CLG0055,125,5.9,5.91,2,Yes,9,3,2,No
CLG0012,98,5.57,5.76,8,No,10,9,5,No
CLG0012,104,7.28,7.41,2,Yes,7,1,3,No
CLG0036,104,5.64,5.56,7,Yes,8,9,0,No
CLG0053,91,7.73,8.09,9,No,0,1,3,No
CLG0082,124,6.91,6.91,2,Yes,7,1,0,No
CLG0040,69,5.2,5.24,10,No,4,3,5,No
CLG0068,105,9.91,9.87,2,No,4,6,5,No
CLG0029,116,7.06,7.0,6,Yes,0,1,4,No
CLG0082,118,9.62,9.46,7,No,4,2,4,Yes
CLG0007,90,9.67,9.9,4,No,4,5,2,No
CLG0023,102,9.74,9.86,8,Yes,0,5,5,No
CLG0014,82,7.05,7.35,9,No,1,7,4,No
CLG0040,105,8.96,8.85,2,Yes,10,10,5,Yes
CLG0047,103,5.91,6.35,8,Yes,3,1,5,No
CLG0009,107,6.18,5.92,7,Yes,9,1,0,No
CLG0099,112,9.94,9.65,7,No,2,9,3,Yes
CLG0088,114,8.54,8.81,10,No,1,2,0,No
CLG0029,108,8.18,8.17,6,No,7,5,3,No
CLG0070,119,5.51,5.38,6,No,3,7,4,No
CLG0078,94,9.0,8.97,4,No,2,1,2,No
CLG0051,67,8.69,9.1,1,No,1,1,3,No
CLG0045,85,9.79,9.41,2,No,9,6,1,No
CLG0022,109,6.98,7.16,1,Yes,4,4,1,No
CLG0080,111,5.28,5.25,6,Yes,0,4,4,No
CLG0040,102,9.63,9.3,2,No,0,9,3,Yes
CLG0036,101,7.23,6.95,8,No,2,7,4,No
CLG0088,82,6.55,6.17,5,No,0,7,1,No
CLG0092,128,9.05,8.67,3,No,5,5,2,Yes
CLG0096,109,8.58,8.17,8,No,2,5,5,No
CLG0022,122,8.2,8.01,3,Yes,0,5,3,Yes
CLG0007,93,7.86,7.77,9,No,2,6,2,No
CLG0052,91,8.02,7.66,4,Yes,6,9,5,No
CLG0048,115,8.8,8.59,1,No,9,7,3,Yes
CLG0032,91,7.08,6.87,4,No,3,1,1,No
CLG0046,78,8.59,8.97,3,No,4,4,3,No
CLG0077,96,7.6,8.05,4,No,5,1,1,No
CLG0072,109,5.54,5.22,4,Yes,9,8,0,No
CLG0029,101,6.35,6.67,8,No,0,6,0,No
CLG0040,102,5.1,5.22,5,No,5,10,1,No
CLG0035,80,5.46,5.82,4,Yes,4,6,1,No
CLG0083,80,7.91,7.57,5,No,8,10,4,No
CLG0012,88,9.11,8.67,3,Yes,8,9,2,Yes
CLG0038,62,8.11,8.21,4,No,0,4,4,No
CLG0041,127,9.45,8.98,2,Yes,9,7,2,Yes
CLG0038,95,9.07,8.88,3,No,2,2,5,No
CLG0028,118,6.82,6.53,3,Yes,7,1,2,No
CLG0015,90,7.48,7.74,7,No,8,8,4,No
CLG0098,86,9.31,9.68,4,Yes,7,7,1,No
CLG0092,105,6.0,5.85,4,No,2,4,4,No
CLG0032,120,7.97,7.76,1,Yes,9,9,2,Yes
CLG0097,87,8.67,8.8,6,Yes,1,6,2,No
CLG0076,100,9.91,9.49,2,Yes,4,8,3,Yes
CLG0040,93,8.72,8.42,7,No,7,7,0,No
CLG0097,105,5.31,5.15,6,No,10,6,3,No
CLG0033,130,6.02,5.7,10,No,2,10,3,Yes
CLG0034,111,6.99,7.31,7,Yes,4,7,5,No
CLG0040,124,8.14,8.53,8,Yes,0,3,3,Yes
CLG0086,98,7.64,7.31,10,Yes,10,8,0,No
CLG0003,105,7.46,7.14,8,No,2,9,3,No
CLG0071,109,6.0,6.12,3,No,7,5,0,No
CLG0022,106,6.41,6.61,9,Yes,8,1,3,No
CLG0068,89,7.56,7.57,9,Yes,2,3,5,No
CLG0091,103,8.36,8.38,8,Yes,1,7,4,No
CLG0024,81,6.17,5.96,4,No,10,2,1,No
CLG0079,99,5.69,5.63,10,No,8,4,4,No
CLG0025,73,6.11,5.76,9,Yes,6,2,4,No
CLG0095,113,5.43,5.79,3,No,10,9,1,No
CLG0098,88,6.86,6.39,2,No,3,7,0,No
CLG0027,110,5.53,5.68,7,Yes,7,7,0,No
CLG0098,108,6.98,7.06,9,No,7,5,3,No
CLG0010,84,5.57,5.36,5,No,5,9,1,No
CLG0026,96,7.45,7.11,10,No,5,3,4,No
CLG0013,122,5.79,5.43,1,Yes,3,5,5,No
CLG0081,110,7.46,7.08,4,No,3,8,0,No
CLG0093,121,5.55,5.36,4,No,8,4,2,No
CLG0088,80,6.55,6.36,5,Yes,1,3,4,No
CLG0069,75,6.67,6.23,6,Yes,7,5,2,No
CLG0015,99,5.74,5.56,7,Yes,9,9,5,No
CLG0002,106,8.2,8.02,10,Yes,7,5,2,No
CLG0076,91,5.93,6.39,6,No,0,9,0,No
CLG0022,93,5.75,5.3,5,Yes,4,10,3,No
CLG0063,85,7.33,7.45,10,Yes,10,1,5,No
CLG0020,79,5.13,5.06,2,No,3,2,1,No
CLG0055,102,7.67,8.13,4,No,8,2,5,No
CLG0030,92,5.99,6.3,3,No,10,3,4,No
CLG0081,98,5.35,5.56,7,Yes,3,2,5,No
CLG0090,113,7.33,7.51,8,Yes,8,1,3,No
CLG0059,97,6.1,6.18,8,Yes,4,9,5,No
CLG0078,117,6.71,6.75,6,No,0,6,3,No
CLG0039,87,8.0,8.17,2,No,5,7,3,No
CLG0013,95,8.05,7.76,8,Yes,1,6,4,No
CLG0099,79,6.24,6.3,9,Yes,3,5,3,No
CLG0074,107,6.91,6.87,2,No,3,9,3,No
CLG0049,104,7.46,7.79,5,Yes,7,10,1,No
CLG0025,122,9.7,9.48,6,No,1,2,5,Yes
CLG0043,99,9.57,9.41,5,No,5,1,3,No
CLG0013,117,5.59,5.76,1,No,7,5,0,No
CLG0011,120,7.36,7.35,1,No,3,4,1,No
CLG0043,100,7.41,7.18,8,No,1,8,5,No
CLG0029,109,8.64,8.45,3,Yes,0,10,5,Yes
CLG0078,104,6.64,7.08,1,No,7,9,2,No
CLG0027,75,6.19,6.1,10,Yes,0,7,4,No
CLG0073,74,7.49,7.49,6,No,10,1,1,No
CLG0003,108,5.5,5.96,7,Yes,2,4,3,No
CLG0089,81,7.55,7.53,3,Yes,8,3,4,No
CLG0028,97,5.17,4.93,6,No,2,3,1,No
CLG0091,82,8.46,8.7,9,Yes,0,9,5,Yes
CLG0040,89,5.91,5.5,8,Yes,9,8,0,No
CLG0050,106,5.98,6.33,10,No,2,10,5,No
CLG0081,102,5.91,5.95,10,Yes,2,7,4,No
CLG0038,114,7.36,7.05,10,Yes,3,1,4,No
CLG0081,92,6.55,6.48,1,Yes,2,7,0,No
CLG0045,107,7.0,6.71,10,Yes,9,5,4,No
CLG0060,119,5.76,5.74,6,Yes,1,6,0,No
CLG0088,105,6.01,5.81,3,No,10,10,2,No
CLG0046,90,9.16,8.87,8,No,9,2,4,No
CLG0004,100,5.58,5.69,8,Yes,8,8,3,No
CLG0086,132,7.44,7.73,5,Yes,3,6,1,No
CLG0031,86,8.25,7.87,9,No,7,5,2,No
CLG0025,102,7.35,7.04,2,No,10,8,2,No
CLG0059,90,6.23,6.27,9,Yes,10,5,1,No
CLG0053,122,6.32,6.65,5,Yes,10,9,4,Yes
CLG0041,84,6.99,6.82,7,No,2,8,2,No
CLG0031,100,6.02,6.02,3,Yes,0,5,4,No
CLG0089,82,7.58,7.56,1,No,10,10,1,No
CLG0045,119,9.52,9.79,3,No,10,5,0,No
CLG0091,121,5.65,6.08,4,No,8,3,3,No
CLG0007,115,8.07,7.92,9,No,6,2,5,No
CLG0002,115,9.16,9.31,5,Yes,9,1,5,Yes
CLG0018,92,8.92,9.05,2,No,6,10,3,Yes
CLG0023,108,7.35,7.8,3,No,9,10,2,No
CLG0100,91,6.27,6.4,4,No,1,2,4,No
CLG0043,98,8.26,8.38,8,No,8,1,1,No
CLG0066,95,5.08,4.63,3,Yes,7,2,4,No
CLG0002,74,5.18,4.93,9,No,9,10,1,No
CLG0038,132,5.07,4.7,9,Yes,8,3,1,No
CLG0058,91,9.61,9.68,5,Yes,8,9,1,No
CLG0015,120,6.26,5.8,8,No,5,8,2,Yes
CLG0089,97,9.07,8.58,7,Yes,8,8,5,Yes
CLG0051,111,5.04,5.36,3,No,7,4,0,No
CLG0078,102,8.69,8.4,8,No,10,4,0,No
CLG0058,102,7.92,8.32,2,No,2,7,3,No
CLG0085,97,6.95,7.31,10,Yes,0,6,4,No
CLG0061,109,9.46,9.41,5,Yes,5,7,5,No
CLG0026,117,8.5,8.07,1,No,0,10,0,Yes
CLG0053,103,9.54,9.91,1,No,4,2,4,No
CLG0072,124,5.37,5.59,1,No,8,7,1,No
CLG0003,64,5.36,5.43,5,Yes,5,1,0,No
CLG0077,117,6.83,7.24,8,No,1,10,3,Yes
CLG0004,128,9.72,9.51,9,No,2,5,3,Yes
CLG0068,110,7.58,7.4,8,No,7,7,3,No
CLG0081,93,9.49,9.21,10,No,0,2,1,No
CLG0080,112,5.6,5.76,10,No,8,10,4,Yes
CLG0042,98,7.1,6.72,2,Yes,7,3,2,No
CLG0010,103,5.17,5.35,10,Yes,3,6,5,No
CLG0026,114,8.26,7.77,1,No,5,1,0,No
CLG0097,100,8.79,8.97,3,No,4,8,5,Yes
CLG0092,78,5.24,5.5,8,Yes,5,1,2,No
CLG0036,88,8.6,8.36,9,No,8,1,3,No
CLG0081,123,5.11,5.09,8,No,9,5,5,No
CLG0062,73,5.18,5.11,5,Yes,5,6,3,No
CLG0049,79,6.85,6.56,10,No,3,1,1,No
CLG0079,107,5.56,5.34,5,No,6,5,4,No
CLG0093,73,9.16,8.99,7,Yes,0,4,3,No
CLG0060,114,8.74,9.07,5,No,2,3,5,Yes
CLG0023,102,8.05,7.85,9,Yes,7,4,0,No
CLG0018,104,6.19,5.8,3,Yes,9,9,4,No
CLG0010,95,6.09,6.39,4,Yes,9,6,5,No
CLG0020,94,5.83,6.09,1,Yes,10,2,3,No
CLG0086,111,8.95,9.05,1,Yes,9,8,3,Yes
CLG0030,113,9.54,9.38,3,No,2,10,3,Yes
CLG0003,121,8.88,9.06,2,No,2,2,5,Yes
CLG0019,88,6.41,6.86,1,Yes,10,7,3,No
CLG0038,97,9.49,9.9,1,No,7,7,4,No
CLG0002,92,5.28,5.77,1,No,3,5,4,No
CLG0048,67,9.74,9.99,1,No,5,9,4,Yes
CLG0077,88,8.87,8.69,7,No,5,10,0,No
CLG0092,93,5.12,5.53,4,No,4,8,3,No
CLG0085,105,9.27,9.29,6,Yes,3,4,3,No
CLG0087,86,6.59,6.65,5,Yes,5,6,5,No
CLG0024,103,5.23,5.18,9,No,7,5,2,No
CLG0036,89,8.44,8.13,6,Yes,4,2,0,No
CLG0042,100,6.39,6.02,6,Yes,0,1,5,No
CLG0064,95,6.35,6.72,8,No,5,9,2,No
CLG0009,104,5.37,5.09,3,No,0,2,0,No
CLG0038,107,8.18,8.14,6,No,3,8,4,Yes
CLG0003,83,6.21,6.31,4,Yes,2,1,5,No
CLG0023,91,7.09,7.49,9,Yes,8,10,2,No
CLG0003,109,5.41,5.55,7,No,3,4,4,No
CLG0085,99,7.55,7.35,4,No,6,7,2,No
CLG0067,114,7.4,7.2,4,No,2,8,3,Yes
CLG0009,106,6.59,6.52,8,Yes,8,7,1,No
CLG0092,96,5.62,5.85,6,Yes,0,1,5,No
CLG0053,101,8.41,8.49,10,No,7,2,4,No
CLG0032,101,9.08,9.09,8,No,5,2,4,No
CLG0033,91,6.63,6.76,10,Yes,3,7,0,No
CLG0080,111,6.65,6.41,2,No,1,5,3,No
CLG0016,97,6.43,6.35,4,No,7,4,2,No
CLG0019,113,5.84,6.11,8,Yes,0,6,3,No
CLG0006,95,8.71,8.68,5,Yes,7,10,5,Yes
CLG0093,96,8.37,8.79,9,No,0,1,5,No
CLG0061,104,5.26,5.01,6,Yes,3,9,3,No
CLG0015,90,9.6,9.69,8,No,0,6,2,No
CLG0023,90,9.03,8.66,10,Yes,6,2,0,No
CLG0063,107,8.27,8.56,1,Yes,3,2,5,No
CLG0053,82,8.04,7.98,1,No,1,3,5,No
CLG0005,89,5.86,5.46,3,No,8,3,0,No
CLG0094,88,5.49,5.02,3,Yes,2,4,1,No
CLG0076,106,7.12,7.44,8,Yes,8,10,0,No
CLG0093,106,5.94,5.75,7,Yes,9,7,5,No
CLG0020,123,6.29,6.13,3,No,8,9,2,Yes
CLG0018,83,8.15,8.64,3,No,8,10,3,Yes
CLG0047,97,9.59,9.13,3,Yes,6,10,4,Yes
CLG0017,104,9.69,9.34,7,No,9,8,5,Yes
CLG0073,118,8.03,7.63,6,No,7,7,3,No
CLG0040,110,7.52,7.36,9,No,0,8,1,No
CLG0068,117,7.08,6.93,2,Yes,3,5,5,No
CLG0069,90,9.95,10.14,3,No,1,4,3,No
CLG0042,94,8.92,8.84,10,Yes,2,8,0,No
CLG0047,107,7.11,7.18,9,Yes,5,8,2,No
CLG0015,76,9.02,9.22,4,Yes,6,8,1,No
CLG0012,80,7.86,7.41,9,No,5,4,1,No
CLG0004,114,9.58,9.68,4,Yes,7,4,0,No
CLG0003,113,7.81,7.54,10,Yes,8,7,5,No
CLG0028,68,6.42,5.96,1,No,2,2,4,No
CLG0034,60,7.44,7.6,10,Yes,2,2,4,No
CLG0100,93,8.72,9.05,2,Yes,3,7,3,No
CLG0067,77,8.12,7.85,6,Yes,8,3,3,No
CLG0036,98,7.56,7.22,9,No,2,7,5,No
CLG0068,110,5.86,5.62,4,Yes,4,4,5,No
CLG0069,79,8.89,9.23,1,No,4,8,1,No
CLG0034,91,8.46,7.99,9,Yes,1,9,5,No
CLG0071,129,8.52,8.65,1,No,6,4,1,No
CLG0011,108,8.11,8.12,5,Yes,4,7,4,No
CLG0015,91,9.76,10.09,7,Yes,5,2,2,No
CLG0005,67,8.54,9.03,7,Yes,10,9,4,Yes
CLG0075,74,8.43,8.59,2,No,2,5,2,No
CLG0065,111,5.16,5.31,5,No,1,2,1,No
CLG0080,101,5.8,5.91,7,No,8,1,0,No
CLG0057,118,9.93,10.1,8,No,9,9,5,Yes
CLG0096,113,9.69,9.91,3,No,10,1,5,Yes
CLG0033,116,5.86,6.34,10,No,7,8,2,Yes
CLG0030,112,8.47,8.11,9,No,8,5,0,No
CLG0042,99,9.66,9.27,7,Yes,10,3,0,No
CLG0088,120,8.77,9.22,6,No,7,1,5,Yes
CLG0073,102,6.33,6.2,7,No,6,10,4,No
CLG0089,91,9.07,8.68,3,Yes,2,10,4,Yes
CLG0061,99,5.22,4.73,2,Yes,9,8,2,No
CLG0045,100,9.48,9.56,7,Yes,9,8,2,Yes
CLG0075,90,8.38,8.45,2,No,2,4,5,No
CLG0065,90,5.39,5.74,9,Yes,9,8,0,No
CLG0046,87,5.41,5.36,5,No,1,4,5,No
CLG0032,119,9.83,10.06,3,Yes,10,4,2,Yes
CLG0096,73,5.27,5.47,1,No,2,8,2,No
CLG0061,77,8.34,8.17,10,No,10,2,1,No
CLG0043,78,7.33,7.12,6,Yes,7,3,0,No
CLG0027,122,5.46,5.24,8,No,4,3,0,No
CLG0018,115,8.41,8.51,2,No,9,3,1,No
CLG0026,117,7.18,7.38,8,Yes,5,10,0,No
CLG0044,96,9.44,9.52,5,Yes,3,2,0,No
CLG0096,90,9.64,9.57,5,No,6,8,4,Yes
CLG0037,105,9.48,9.03,4,No,3,7,1,No
CLG0080,84,7.32,7.33,9,No,10,10,3,No
CLG0040,84,9.57,9.18,6,No,3,5,4,No
CLG0050,82,6.2,6.6,2,No,2,9,1,No
CLG0046,96,6.14,6.29,9,No,4,7,2,No
CLG0071,110,8.23,8.25,5,Yes,7,9,1,No
CLG0072,89,9.76,9.88,3,No,6,10,3,Yes
CLG0026,115,6.87,6.66,4,No,9,8,5,Yes
CLG0046,78,5.09,4.98,10,No,8,4,2,No
CLG0077,122,6.46,6.39,1,No,5,4,0,No
CLG0066,110,7.13,7.44,5,Yes,2,6,2,No
CLG0096,104,6.88,6.93,4,No,8,10,0,No
CLG0060,90,8.46,8.72,10,No,3,9,0,No
CLG0051,116,9.41,9.89,5,Yes,0,8,2,Yes
CLG0032,102,6.99,7.32,6,No,5,7,3,No
CLG0050,117,7.86,7.42,8,No,1,8,1,No
CLG0009,69,6.83,6.46,5,No,2,8,5,No
CLG0051,74,5.05,4.89,8,No,5,3,1,No
CLG0062,74,9.77,9.34,5,Yes,6,8,4,Yes
CLG0011,103,7.98,7.96,8,Yes,7,10,4,No
CLG0030,101,6.93,7.37,8,Yes,9,7,1,No
CLG0092,98,8.07,7.7,4,No,6,3,3,No
CLG0067,129,9.64,9.32,2,No,7,3,4,Yes
CLG0070,72,9.25,9.33,10,Yes,1,9,2,Yes
CLG0014,109,7.16,6.89,10,Yes,10,7,0,No
CLG0080,86,5.56,5.58,3,No,9,2,3,No
CLG0002,119,7.27,7.64,3,Yes,2,1,5,No
CLG0075,119,7.76,8.04,7,No,7,3,1,No
CLG0098,95,6.75,6.46,4,No,3,4,2,No
CLG0069,87,5.99,6.32,6,No,5,4,3,No
CLG0016,105,9.85,10.07,2,No,2,9,2,Yes
CLG0007,108,9.38,9.47,8,No,5,10,2,Yes
CLG0033,103,9.9,9.42,7,Yes,10,3,4,No
CLG0058,85,8.35,8.24,1,No,8,9,0,No
CLG0005,102,8.93,8.78,5,Yes,9,6,2,No
CLG0024,98,9.2,8.77,2,No,5,10,1,No
CLG0072,91,6.22,5.75,4,Yes,0,2,5,No
CLG0002,79,7.63,7.2,5,Yes,1,7,5,No
CLG0058,93,6.7,6.65,10,Yes,8,7,1,No
CLG0088,82,7.77,7.29,1,Yes,1,2,0,No
CLG0088,93,7.32,6.85,8,No,8,2,4,No
CLG0066,125,9.88,10.17,4,No,10,10,2,Yes
CLG0027,95,8.5,8.04,7,No,5,1,3,No
CLG0061,115,6.96,7.42,4,Yes,8,1,5,No
CLG0074,87,6.73,6.25,9,Yes,3,4,1,No
CLG0047,105,9.23,9.06,6,No,2,1,3,No
CLG0025,100,8.72,8.84,9,No,4,1,0,No
CLG0091,77,5.47,5.55,3,No,6,4,1,No
CLG0050,85,8.11,8.58,1,No,9,7,3,No
CLG0040,69,9.89,9.8,7,No,10,1,0,No
CLG0035,86,8.75,8.53,9,No,4,2,3,No
CLG0075,102,6.87,7.32,10,Yes,8,7,5,No
CLG0071,87,7.53,7.88,7,Yes,4,8,0,No
CLG0050,117,5.38,5.22,8,Yes,0,8,5,Yes
CLG0064,94,9.58,9.72,3,No,9,7,3,No
CLG0056,107,8.8,8.68,4,No,4,8,2,Yes
CLG0043,116,9.68,9.68,5,Yes,8,1,5,Yes
CLG0012,80,5.4,5.18,4,No,4,10,2,No
CLG0065,107,9.86,9.47,9,No,10,3,0,No
CLG0083,110,8.32,8.08,3,No,10,8,1,No
CLG0064,102,5.23,5.22,1,No,1,2,0,No
CLG0025,126,7.34,7.36,3,No,7,6,1,No
CLG0026,106,6.02,5.56,3,No,3,9,3,No
CLG0087,108,8.11,8.44,1,Yes,4,7,3,No
CLG0007,105,6.06,6.1,1,No,0,6,4,No
CLG0067,113,9.3,9.71,4,Yes,7,10,3,Yes
CLG0035,86,6.78,6.57,1,No,10,9,5,No
CLG0054,108,6.79,6.38,2,No,4,10,5,No
CLG0058,92,9.49,9.09,4,Yes,10,10,5,Yes
CLG0006,87,7.69,7.96,5,No,9,8,5,No
CLG0095,95,8.27,8.15,5,No,0,3,0,No
CLG0097,110,8.81,8.85,10,No,1,3,4,No
CLG0031,87,5.18,5.11,4,Yes,8,5,1,No
CLG0058,93,5.81,6.08,10,Yes,4,4,2,No
CLG0087,97,9.34,9.53,8,No,9,1,3,No
CLG0095,114,6.24,6.1,2,Yes,10,10,1,No
CLG0068,95,8.76,9.07,8,Yes,8,7,2,No
CLG0082,128,7.93,7.79,6,No,4,8,5,Yes
CLG0031,83,8.95,9.23,7,Yes,1,6,5,No
CLG0088,112,6.87,6.96,9,Yes,7,10,4,Yes
CLG0013,77,5.33,5.75,3,No,5,8,3,No
CLG0015,82,9.83,9.59,5,Yes,1,9,2,Yes
CLG0053,102,7.42,7.75,2,No,5,4,1,No
CLG0061,119,5.15,5.22,2,Yes,1,9,4,Yes
CLG0014,80,7.87,7.85,7,No,6,10,1,No
CLG0019,99,8.98,8.75,1,Yes,4,7,4,No
CLG0068,103,8.66,9.09,6,No,5,1,0,No
CLG0098,94,6.53,6.29,1,No,10,8,5,No
CLG0065,83,8.02,8.42,9,No,3,1,2,No
CLG0012,91,9.96,9.68,2,No,8,8,5,Yes
CLG0094,106,5.71,5.91,8,No,2,5,0,No
CLG0073,128,6.59,6.47,2,Yes,5,4,4,No
CLG0058,110,9.78,9.86,10,Yes,5,3,4,No
CLG0071,106,9.15,8.79,4,No,1,7,2,No
CLG0037,106,5.95,6.24,7,No,7,4,5,No
CLG0061,119,9.34,9.63,4,No,2,6,0,No
CLG0017,95,6.65,6.51,4,No,0,4,5,No
CLG0066,83,6.42,6.57,4,No,1,6,5,No
CLG0061,95,7.01,6.56,8,Yes,9,10,2,No
CLG0099,81,9.64,9.19,3,No,1,4,2,No
CLG0073,90,5.46,5.1,2,No,8,10,2,No
CLG0058,101,8.32,8.38,3,No,2,8,4,Yes
CLG0030,104,7.91,7.85,2,Yes,0,1,2,No
CLG0019,104,5.22,4.86,2,No,10,9,2,No
CLG0031,112,5.26,5.68,9,Yes,5,1,1,No
CLG0038,115,5.63,5.85,2,No,9,7,3,No
CLG0032,96,9.86,9.91,4,No,6,4,0,No
CLG0026,119,9.3,9.03,1,No,5,8,2,Yes
CLG0001,90,7.78,8.21,9,No,2,7,4,No
CLG0071,94,6.95,7.04,3,No,1,10,0,No
CLG0091,98,5.1,5.3,2,Yes,10,3,3,No
CLG0086,97,7.19,6.94,5,No,2,10,2,No
CLG0082,120,7.68,8.01,1,No,8,7,2,Yes
CLG0015,74,7.13,6.95,9,No,5,5,3,No
CLG0064,70,5.3,5.27,8,Yes,9,3,0,No
CLG0019,111,9.19,9.32,10,No,3,10,3,Yes
CLG0077,93,6.23,6.51,8,No,5,7,4,No
CLG0058,104,9.39,9.12,1,Yes,9,7,4,No
CLG0016,96,8.91,8.78,1,No,2,9,2,Yes
CLG0050,106,7.16,7.48,3,Yes,0,2,5,No
CLG0040,117,5.38,5.53,6,Yes,4,9,2,Yes
CLG0058,95,9.11,8.76,4,No,3,10,5,Yes
CLG0041,74,7.54,7.31,5,No,7,1,5,No
CLG0038,115,7.34,6.84,7,Yes,5,6,2,No
CLG0089,104,9.87,9.58,3,No,9,5,0,No
CLG0057,92,8.05,7.56,2,Yes,9,4,3,No
CLG0041,96,8.84,9.32,6,No,2,7,2,No
CLG0085,110,6.99,6.68,2,No,1,5,4,No
CLG0083,104,6.86,7.19,5,No,8,5,1,No
CLG0086,97,8.4,8.81,3,No,2,7,0,No
CLG0039,96,5.61,5.97,9,No,0,2,3,No
CLG0051,110,5.55,5.47,6,Yes,4,3,2,No
CLG0004,113,6.82,7.2,7,No,8,6,2,No
CLG0044,97,9.18,9.59,8,No,9,6,1,No
CLG0074,122,8.05,8.42,8,No,6,10,3,Yes
CLG0043,84,5.11,4.96,6,No,7,5,1,No
CLG0023,77,8.67,8.79,6,No,3,9,0,No
CLG0057,84,8.04,7.79,1,Yes,9,4,1,No
CLG0062,121,7.23,7.16,5,Yes,1,9,2,Yes
CLG0037,89,9.98,10.05,9,Yes,8,1,0,No
CLG0097,111,6.93,7.06,8,No,5,3,5,No
CLG0088,62,8.21,8.59,3,Yes,2,3,4,No
CLG0098,115,8.08,8.17,8,Yes,3,8,2,Yes
CLG0048,129,7.09,6.68,4,No,4,6,0,No
CLG0091,107,5.53,5.93,5,Yes,2,2,5,No
CLG0051,88,9.51,9.68,7,No,1,2,4,No
CLG0023,109,8.69,8.89,1,No,6,8,0,No
CLG0038,109,5.89,5.73,8,No,7,7,3,No
CLG0043,88,9.96,9.93,8,No,3,1,5,No
CLG0024,107,8.6,8.56,6,Yes,5,4,1,No
CLG0020,84,5.28,5.39,8,No,4,5,4,No
CLG0091,99,8.24,8.68,6,No,5,3,3,No
CLG0072,66,5.57,5.16,4,No,5,5,4,No
CLG0047,72,6.71,6.64,6,No,4,5,3,No
CLG0079,92,7.04,6.99,10,No,6,8,5,No
CLG0035,75,9.99,9.82,4,Yes,1,1,3,No
CLG0098,68,7.31,7.2,3,Yes,9,9,0,No
CLG0036,92,8.14,7.84,5,No,2,3,5,No
CLG0078,95,5.82,6.11,6,No,10,8,1,No
CLG0062,93,9.56,9.3,7,Yes,3,5,3,No
CLG0093,126,7.76,7.31,4,No,0,8,4,Yes
CLG0005,93,5.35,5.78,9,Yes,10,7,4,No
CLG0091,84,6.46,6.38,8,No,0,5,0,No
CLG0034,93,6.0,5.7,2,Yes,9,8,3,No
CLG0066,95,8.49,8.34,8,Yes,3,5,1,No
CLG0040,68,8.82,8.84,9,Yes,0,1,5,No
CLG0033,116,6.54,6.31,2,No,5,4,5,No
CLG0090,73,6.52,6.47,8,No,8,4,2,No
CLG0039,101,5.03,5.21,4,Yes,0,6,3,No
CLG0097,76,8.04,8.38,9,No,6,1,4,No
CLG0100,105,6.47,6.11,3,No,8,8,4,No
CLG0032,77,7.53,7.21,6,No,5,5,0,No
CLG0099,81,6.62,6.41,8,No,2,8,2,No
CLG0053,75,6.44,6.39,10,No,1,10,5,No
CLG0065,104,5.36,5.1,9,Yes,0,4,5,No
CLG0042,110,9.78,9.49,1,No,0,8,0,No
CLG0004,95,9.77,9.32,2,No,9,4,4,No
CLG0044,92,9.96,10.4,3,No,5,4,1,No
CLG0084,94,5.22,5.48,6,No,5,6,3,No
CLG0048,92,8.48,8.05,9,Yes,6,7,2,No
CLG0067,88,5.48,5.4,1,Yes,3,1,5,No
CLG0003,81,9.92,10.37,10,No,9,5,5,No
CLG0087,62,5.3,5.54,5,No,9,7,4,No
CLG0046,90,7.94,7.57,2,No,9,2,5,No
CLG0035,110,9.38,9.86,7,Yes,9,4,4,No
CLG0067,101,5.86,5.6,9,Yes,1,8,4,No
CLG0075,116,7.15,6.93,10,No,2,1,3,No
CLG0089,101,8.43,8.14,4,Yes,5,9,5,Yes
CLG0061,102,7.08,7.17,8,Yes,10,8,5,No
CLG0044,119,5.92,5.63,1,No,5,5,1,No
CLG0039,117,8.43,8.71,7,Yes,4,3,3,Yes
CLG0050,103,7.52,7.48,3,No,4,3,5,No
CLG0047,91,5.93,5.66,4,No,9,8,4,No
CLG0008,88,8.44,8.24,8,No,10,2,3,No
CLG0099,104,9.83,10.06,1,Yes,9,2,4,No
CLG0091,108,8.59,8.8,1,No,6,5,4,No
CLG0025,99,5.25,4.94,7,Yes,6,3,2,No
CLG0072,85,7.25,7.64,10,Yes,4,10,3,No
CLG0097,88,7.62,7.46,9,No,6,4,1,No
CLG0075,70,9.38,9.11,10,No,9,10,2,Yes
CLG0045,100,8.54,8.62,5,No,0,7,1,No
CLG0075,75,7.03,7.3,8,No,4,6,1,No
CLG0039,119,5.76,5.42,5,Yes,10,2,5,No
CLG0085,114,8.78,8.97,5,Yes,2,9,3,Yes
CLG0063,109,5.02,4.66,1,No,7,6,5,No
CLG0083,103,6.02,5.88,7,Yes,1,3,0,No
CLG0059,71,5.79,5.63,9,No,0,4,4,No
CLG0080,95,8.17,7.68,6,No,5,4,5,No
CLG0026,120,5.74,5.25,9,No,10,8,0,No
CLG0025,97,5.9,5.83,3,No,2,9,0,No
CLG0069,124,8.45,8.79,1,No,9,3,4,Yes
CLG0086,96,8.49,7.99,5,No,3,6,2,No
CLG0047,92,6.71,7.03,7,No,7,5,5,No
CLG0014,84,7.68,7.5,6,No,0,3,3,No
CLG0056,75,8.01,8.4,7,Yes,0,2,0,No
CLG0004,83,8.75,8.3,7,Yes,0,7,3,No
CLG0099,104,5.55,5.95,8,Yes,2,2,0,No
CLG0078,68,6.74,6.31,4,Yes,6,10,5,No
CLG0057,83,6.13,6.34,1,No,1,7,2,No
CLG0086,80,5.35,5.7,4,Yes,6,7,2,No
CLG0092,80,6.7,6.82,1,No,4,3,1,No
CLG0009,93,6.81,6.63,4,No,7,5,4,No
CLG0023,51,7.66,7.43,8,No,4,9,2,No
CLG0007,110,9.8,9.44,2,No,6,1,1,No
CLG0091,98,9.14,9.63,10,No,5,6,5,No
CLG0005,99,5.8,5.48,2,No,0,6,5,No
CLG0090,93,7.48,7.43,7,No,0,6,3,No
CLG0054,131,5.49,5.75,9,Yes,3,3,5,No
CLG0092,118,6.99,7.39,3,Yes,7,5,5,No
CLG0029,118,7.0,7.13,9,No,4,7,0,No
CLG0041,80,5.91,5.48,7,No,8,7,4,No
CLG0070,107,8.97,9.43,6,No,10,1,1,No
CLG0057,99,6.84,6.76,7,No,2,1,0,No
CLG0044,114,6.78,6.3,2,No,10,5,3,No
CLG0024,111,9.55,9.2,3,Yes,2,8,2,Yes
CLG0093,124,5.34,5.36,10,No,6,4,2,No
CLG0050,106,9.96,9.89,2,Yes,5,5,4,No
CLG0052,93,8.17,8.33,9,No,2,8,4,Yes
CLG0001,89,7.98,7.71,2,No,7,10,3,No
CLG0076,86,6.63,6.51,1,Yes,3,7,2,No
CLG0018,132,7.83,7.58,4,No,0,1,0,No
CLG0095,99,7.49,7.44,2,No,3,10,5,No
CLG0098,111,8.21,7.83,8,No,9,6,3,No
CLG0074,99,8.17,8.4,1,No,1,3,1,No
CLG0080,140,9.42,9.11,2,No,4,3,5,Yes
CLG0048,120,5.62,5.34,2,Yes,0,9,1,No
CLG0049,118,6.96,6.55,6,No,3,4,0,No
CLG0033,96,8.81,8.52,10,No,9,1,2,No
CLG0093,94,7.39,7.85,4,No,10,3,4,No
CLG0092,100,9.18,9.47,9,No,6,3,1,No
CLG0029,91,8.16,7.89,5,No,8,5,1,No
CLG0063,103,6.09,6.17,4,Yes,10,4,4,No
CLG0089,110,9.63,9.84,10,No,0,5,1,No
CLG0073,100,8.73,8.75,8,Yes,3,7,5,No
CLG0061,88,6.57,6.49,9,Yes,2,5,2,No
CLG0015,104,7.1,6.79,7,Yes,9,2,5,No
CLG0069,105,5.44,5.03,10,Yes,8,8,4,No
CLG0065,103,5.66,5.83,1,No,3,7,0,No
CLG0075,80,6.99,6.58,4,Yes,2,10,3,No
CLG0078,90,6.2,5.79,8,No,6,9,5,No
CLG0059,80,9.5,9.82,10,No,4,7,5,No
CLG0043,78,8.07,8.41,7,No,8,10,2,Yes
CLG0026,79,7.3,6.88,6,Yes,6,4,2,No
CLG0029,85,9.11,8.66,8,No,1,2,3,No
CLG0096,105,8.24,8.24,6,Yes,0,10,3,Yes
CLG0086,120,7.49,7.31,3,Yes,6,3,0,No
CLG0021,93,9.9,9.47,4,No,3,1,4,No
CLG0042,120,8.61,8.78,5,Yes,5,3,2,Yes
CLG0084,85,5.63,5.99,6,Yes,10,1,3,No
CLG0092,115,8.9,8.54,2,Yes,1,4,4,Yes
CLG0034,91,6.53,6.17,2,No,5,9,2,No
CLG0094,115,6.51,6.4,7,Yes,9,4,1,No
CLG0027,90,6.36,6.52,4,No,10,2,4,No
CLG0060,100,9.16,8.74,8,No,5,3,3,No
CLG0020,116,7.16,7.58,4,Yes,4,5,0,No
CLG0066,88,7.72,7.48,10,No,9,4,4,No
CLG0058,96,6.37,6.82,2,No,0,7,0,No
CLG0090,100,7.41,7.75,6,No,8,9,0,No
CLG0033,100,8.59,8.47,4,No,4,8,4,Yes
CLG0032,69,5.84,5.65,6,Yes,9,5,3,No
CLG0060,84,9.35,9.24,9,No,5,7,1,No
CLG0019,106,9.66,9.55,10,No,7,1,3,No
CLG0086,82,8.83,9.23,3,No,6,4,1,No
CLG0029,98,9.2,9.41,1,No,7,5,0,No
CLG0006,97,7.06,6.71,2,No,10,2,5,No
CLG0015,97,6.45,6.0,10,No,3,9,1,No
CLG0060,127,5.22,5.62,7,No,10,8,4,Yes
CLG0062,79,7.69,8.13,7,Yes,0,1,4,No
CLG0024,87,6.53,6.44,8,No,2,3,4,No
CLG0011,94,8.03,7.8,9,Yes,9,4,4,No
CLG0059,121,8.89,8.62,10,Yes,7,5,0,No
CLG0006,97,9.07,8.9,7,No,7,1,5,No
CLG0075,67,7.17,7.27,5,No,1,8,1,No
CLG0074,116,5.96,6.2,7,Yes,3,4,1,No
CLG0078,109,9.77,10.04,8,No,4,8,3,Yes
CLG0052,85,7.41,7.07,1,No,10,6,2,No
CLG0016,117,7.01,6.77,10,No,3,9,5,Yes
CLG0084,125,6.86,7.09,3,No,1,9,4,Yes
CLG0047,94,8.24,8.74,5,No,10,9,5,Yes
CLG0089,105,8.04,7.95,5,No,6,4,0,No
CLG0031,108,7.08,7.12,2,Yes,7,6,2,No
CLG0075,98,8.67,8.5,2,No,7,10,5,Yes
CLG0098,102,8.05,7.99,2,Yes,0,8,3,No
CLG0082,81,6.69,7.13,8,Yes,4,1,4,No
CLG0015,59,9.3,9.16,4,No,3,5,1,No
CLG0009,94,5.42,5.79,7,Yes,10,3,0,No
CLG0095,116,5.25,5.18,6,No,3,9,3,Yes
CLG0062,98,5.71,5.24,7,No,0,10,2,No
CLG0077,71,8.14,7.87,5,No,3,2,2,No
CLG0004,109,5.47,5.26,8,No,8,1,5,No
CLG0029,99,5.82,5.73,7,Yes,6,9,0,No
CLG0079,105,9.48,9.07,3,Yes,8,9,1,No
CLG0079,106,6.43,6.36,2,No,2,7,5,No
CLG0082,83,6.98,7.47,6,Yes,3,6,4,No
CLG0015,104,8.59,8.35,8,Yes,4,8,3,Yes
CLG0087,72,6.46,6.76,1,No,1,1,4,No
CLG0070,99,6.41,6.69,9,No,9,2,5,No
CLG0008,104,7.13,7.6,5,Yes,2,1,5,No
CLG0023,99,6.46,6.89,4,No,9,4,1,No
CLG0095,119,7.8,8.04,6,No,2,10,3,Yes
CLG0032,88,7.69,7.29,7,No,8,9,3,No
CLG0022,103,8.96,9.04,1,No,8,4,3,No
CLG0061,117,8.91,9.12,6,No,2,5,0,No
CLG0055,112,7.56,7.2,10,Yes,6,1,5,No
CLG0018,100,9.58,10.04,8,Yes,8,8,0,No
CLG0038,150,8.45,8.66,3,No,10,10,0,Yes
CLG0078,108,8.4,8.8,1,No,7,2,1,No
CLG0074,120,5.71,6.06,4,No,1,9,2,Yes
CLG0041,125,8.31,8.43,1,No,7,3,3,Yes
CLG0042,92,5.74,5.42,2,No,0,9,4,No
CLG0044,96,9.5,9.78,10,No,3,6,1,No
CLG0056,76,8.05,7.99,5,No,7,3,3,No
CLG0024,95,6.26,6.76,9,Yes,10,3,4,No
CLG0035,87,8.63,8.31,6,No,9,4,2,No
CLG0001,138,8.71,8.3,6,Yes,1,6,2,Yes
CLG0090,91,5.13,5.61,8,No,4,4,2,No
CLG0077,86,5.62,5.47,3,No,5,6,2,No
CLG0029,113,8.91,9.32,4,No,8,6,4,Yes
CLG0088,85,7.67,8.1,10,No,4,2,3,No
CLG0047,103,7.3,6.96,10,No,6,6,1,No
CLG0094,98,5.7,5.61,7,No,8,8,3,No
CLG0004,102,8.46,8.22,9,No,5,2,5,No
CLG0030,102,5.1,5.04,3,No,8,7,5,No
CLG0079,89,6.98,6.56,2,Yes,7,9,3,No
CLG0033,69,7.31,7.27,3,Yes,4,3,4,No
CLG0033,123,8.42,8.0,9,Yes,10,9,4,Yes
CLG0041,93,9.44,9.89,3,No,6,3,1,No
CLG0063,97,7.52,7.21,5,No,9,5,0,No
CLG0065,107,8.06,7.97,7,No,10,9,1,No
CLG0085,117,6.11,6.02,4,Yes,7,8,0,No
CLG0041,106,5.3,5.08,5,No,4,7,2,No
CLG0016,89,6.04,6.46,9,No,6,7,4,No
CLG0029,88,8.91,8.58,3,No,6,5,5,No
CLG0037,103,8.79,8.31,5,No,2,7,3,No
CLG0016,102,6.58,6.12,9,No,1,7,5,No
CLG0075,110,5.5,5.16,7,No,1,7,5,No
CLG0076,100,9.44,9.18,6,Yes,2,8,3,Yes
CLG0096,87,9.88,10.28,5,No,6,6,2,No
CLG0028,98,6.29,6.53,10,Yes,10,1,1,No
CLG0060,114,7.33,7.04,1,Yes,5,7,3,No
CLG0044,76,5.74,5.81,6,No,3,5,4,No
CLG0073,99,9.43,9.03,7,No,1,3,2,No
CLG0022,112,8.13,8.48,9,No,3,2,4,Yes
CLG0087,112,7.53,7.08,1,Yes,5,8,5,Yes
CLG0070,83,6.13,6.07,4,Yes,4,4,5,No
CLG0068,86,5.1,5.29,3,No,7,2,0,No
CLG0033,96,7.41,7.24,5,No,0,10,2,No
CLG0058,87,7.28,7.17,6,Yes,3,7,4,No
CLG0064,95,8.81,8.95,8,No,6,10,2,Yes
CLG0086,86,9.74,9.76,7,Yes,8,2,1,No
CLG0034,93,9.47,9.7,7,Yes,2,7,3,No
CLG0013,96,8.87,8.52,7,No,1,2,2,No
CLG0039,101,5.3,5.71,9,No,2,9,1,No
CLG0007,97,7.58,7.17,1,Yes,2,7,5,No
CLG0036,111,6.57,6.73,8,Yes,8,4,5,No
CLG0086,110,7.56,7.95,2,Yes,2,3,3,No
CLG0041,80,8.43,8.57,9,No,2,1,0,No
CLG0018,107,7.79,8.2,4,No,7,5,3,No
CLG0031,109,5.93,5.91,10,No,7,6,2,No
CLG0061,108,7.86,7.44,2,No,0,3,2,No
CLG0017,81,8.91,9.17,3,Yes,4,10,3,Yes
CLG0027,75,5.16,5.37,10,No,5,5,0,No
CLG0029,87,6.55,6.36,8,No,4,8,4,No
CLG0002,119,7.81,7.77,6,Yes,8,4,5,No
CLG0072,107,7.57,7.44,10,No,8,10,3,No
CLG0080,88,5.97,5.72,9,No,0,2,0,No
CLG0056,99,7.74,7.36,9,No,7,10,0,No
CLG0086,125,6.14,6.54,9,No,0,10,3,Yes
CLG0060,101,9.2,8.7,6,No,4,6,0,No
CLG0044,106,8.93,8.83,3,No,9,2,5,No
CLG0062,113,6.09,5.99,6,Yes,10,10,5,Yes
CLG0006,103,6.45,6.35,1,No,6,10,5,No
CLG0040,93,5.55,5.99,6,No,7,3,4,No
CLG0086,107,7.71,7.75,4,Yes,2,6,4,No
CLG0097,107,7.81,8.12,2,No,3,5,5,No
CLG0056,75,6.26,6.75,10,Yes,4,2,4,No
CLG0096,81,9.11,9.41,5,No,5,9,0,No
CLG0001,84,8.03,8.34,5,Yes,1,1,0,No
CLG0022,116,7.68,7.53,5,No,6,8,2,Yes
CLG0027,98,8.21,8.34,3,Yes,8,5,0,No
CLG0062,75,6.9,7.12,5,No,5,10,4,No
CLG0058,108,8.08,8.49,2,No,0,5,5,No
CLG0066,96,8.95,8.65,5,No,3,6,2,No
CLG0073,73,5.88,5.51,2,No,5,8,0,No
CLG0080,96,8.3,8.58,2,Yes,3,7,4,No
CLG0022,121,6.84,6.7,4,No,2,1,2,No
CLG0082,61,6.08,6.2,7,Yes,8,4,5,No
CLG0016,128,7.56,7.49,6,Yes,8,1,3,No
CLG0002,97,8.97,9.27,10,No,7,3,2,No
CLG0082,101,5.41,5.23,1,No,3,3,1,No
CLG0045,101,6.45,6.55,2,Yes,0,8,5,No
CLG0027,111,8.81,8.88,3,Yes,5,10,2,Yes
CLG0073,52,9.23,8.89,3,No,5,3,5,No
CLG0019,103,8.13,7.91,4,No,3,8,0,No
CLG0066,87,5.04,5.26,7,Yes,0,2,0,No
CLG0077,128,7.83,8.03,10,No,8,1,0,No
CLG0098,105,7.06,6.99,2,Yes,5,2,4,No
CLG0094,112,7.56,7.88,7,Yes,6,1,4,No
CLG0020,101,7.23,7.65,10,No,4,8,4,No
CLG0099,111,7.65,7.18,4,Yes,10,1,0,No
CLG0067,88,7.38,7.53,10,No,2,3,0,No
CLG0054,95,5.76,5.58,10,No,6,2,5,No
CLG0002,109,6.37,6.01,2,No,10,9,5,No
CLG0006,119,6.44,6.13,10,Yes,3,5,4,No
CLG0065,120,9.05,9.25,5,No,3,5,4,Yes
CLG0036,100,9.15,9.01,7,Yes,6,7,2,No
CLG0006,82,9.91,9.5,7,No,6,6,0,No
CLG0050,111,9.06,9.42,5,Yes,3,7,5,Yes
CLG0039,101,7.61,7.92,1,No,10,5,5,No
CLG0006,103,6.0,5.97,7,No,0,3,4,No
CLG0093,73,5.4,5.89,7,Yes,7,1,1,No
CLG0015,83,6.33,6.18,8,No,10,6,0,No
CLG0071,107,8.36,8.7,2,No,0,7,4,No
CLG0078,85,5.74,5.45,2,No,2,10,0,No
CLG0091,79,6.06,6.28,6,No,1,3,0,No
CLG0012,96,5.84,6.05,8,No,10,9,3,No
CLG0057,106,6.24,6.42,6,No,1,5,4,No
CLG0006,100,7.19,6.82,10,No,4,6,3,No
CLG0045,126,9.8,9.97,1,No,5,3,3,Yes
CLG0039,109,9.17,9.38,5,No,4,10,4,Yes
CLG0028,99,6.77,7.26,6,No,0,8,3,No
CLG0093,76,8.16,8.62,9,No,8,1,2,No
CLG0044,85,7.45,7.77,4,No,5,8,5,No
CLG0064,97,9.5,9.44,7,Yes,3,6,0,No
CLG0080,67,9.92,10.04,9,Yes,7,6,4,No
CLG0081,95,8.47,8.79,3,Yes,3,3,5,No
CLG0043,113,6.74,7.01,5,No,3,3,2,No
CLG0067,96,5.18,5.66,3,No,4,2,0,No
CLG0092,95,6.71,6.78,2,Yes,1,7,0,No
CLG0081,84,5.09,4.74,1,No,10,2,2,No
CLG0087,113,5.23,5.32,4,No,5,10,0,No
CLG0067,87,7.65,7.84,8,No,10,6,0,No
CLG0053,110,6.22,6.43,4,Yes,10,4,0,No
CLG0075,77,9.62,9.9,6,Yes,4,10,2,Yes
CLG0085,78,6.54,6.94,9,Yes,0,1,2,No
CLG0015,84,9.41,9.14,8,No,1,5,5,No
CLG0073,129,6.2,6.45,2,No,7,3,1,No
CLG0011,116,6.43,6.06,1,No,5,8,3,Yes
CLG0051,99,9.23,9.6,7,No,9,4,3,No
CLG0028,81,5.05,5.48,8,No,5,9,2,No
CLG0066,91,5.16,5.23,7,No,4,5,5,No
CLG0045,103,6.16,6.3,5,Yes,3,1,2,No
CLG0051,76,9.68,9.53,8,No,9,4,5,No
CLG0074,94,7.76,7.34,2,No,6,10,2,No
CLG0082,101,8.54,8.76,8,Yes,7,3,4,No
CLG0051,77,8.23,8.27,9,No,2,7,3,No
CLG0056,92,5.27,4.97,6,No,8,10,2,No
CLG0094,109,7.67,7.88,7,No,4,2,0,No
CLG0081,111,9.98,10.03,9,Yes,5,8,1,Yes
CLG0095,113,7.61,7.6,5,No,4,3,3,No
CLG0016,109,7.77,8.23,9,No,9,9,3,Yes
CLG0035,82,6.26,6.19,6,No,0,10,3,No
CLG0080,110,5.67,5.35,9,No,7,3,3,No
CLG0027,103,6.2,5.99,10,No,1,5,0,No
CLG0017,83,5.4,5.51,10,Yes,5,7,4,No
CLG0064,90,7.45,7.58,8,No,6,7,5,No
CLG0021,119,8.41,8.29,4,No,1,8,0,Yes
CLG0047,91,5.7,6.19,2,No,0,6,4,No
CLG0072,86,5.74,5.48,9,Yes,5,9,3,No
CLG0060,100,6.12,6.59,2,Yes,6,7,1,No
CLG0021,101,5.36,5.36,3,No,4,3,4,No
CLG0093,109,8.7,8.77,6,Yes,5,2,5,No
CLG0018,91,5.32,5.73,3,Yes,8,1,1,No
CLG0063,132,7.41,7.31,9,No,2,8,1,No
CLG0023,108,5.72,5.78,2,Yes,8,10,1,No
CLG0002,81,8.43,8.49,6,Yes,7,6,4,No
CLG0058,87,8.64,8.62,10,Yes,4,2,0,No
CLG0049,102,6.93,7.03,4,No,8,5,2,No
CLG0043,95,6.46,6.27,9,Yes,6,7,4,No
CLG0039,67,7.13,7.45,4,Yes,8,10,2,No
CLG0069,99,8.45,8.42,8,Yes,1,3,4,No
CLG0090,91,8.77,8.36,1,No,9,9,5,Yes
CLG0055,122,5.47,5.75,6,Yes,1,6,1,No
CLG0086,100,5.41,5.77,10,No,8,3,0,No
CLG0093,96,5.32,5.57,2,Yes,5,3,5,No
CLG0049,87,6.95,7.27,3,Yes,1,2,4,No
CLG0053,86,5.68,5.8,5,No,0,10,4,No
CLG0068,89,8.22,7.93,4,No,3,8,5,No
CLG0097,94,9.78,9.48,1,Yes,2,10,5,Yes
CLG0054,98,7.36,6.88,5,Yes,5,3,2,No
CLG0096,115,7.41,7.27,7,Yes,1,4,2,No
CLG0094,89,5.35,4.91,8,Yes,9,6,2,No
CLG0080,87,7.82,7.66,2,Yes,5,6,5,No
CLG0057,66,8.37,8.4,10,Yes,1,9,0,No
CLG0055,86,5.37,5.46,1,Yes,3,10,1,No
CLG0021,65,7.73,7.37,6,No,1,2,0,No
CLG0028,116,8.89,8.85,7,Yes,7,4,3,Yes
CLG0032,105,6.41,6.63,3,Yes,0,4,4,No
CLG0044,98,8.84,9.02,10,Yes,9,5,1,No
CLG0068,108,7.71,7.5,3,No,10,7,5,No
CLG0076,104,7.56,7.48,9,Yes,1,1,2,No
CLG0075,107,8.77,8.8,5,Yes,0,4,5,No
CLG0069,94,6.48,6.16,1,No,4,10,1,No
CLG0053,90,6.12,6.25,3,Yes,5,5,3,No
CLG0082,101,7.79,8.19,7,No,4,2,0,No
CLG0001,94,7.65,7.81,2,Yes,6,8,1,No
CLG0017,62,8.94,8.75,7,No,9,5,2,No
CLG0031,79,8.4,8.86,4,Yes,5,5,1,No
CLG0076,73,9.75,10.22,9,No,2,10,0,No
CLG0099,105,6.74,6.58,2,No,6,9,0,No
CLG0038,88,7.36,7.51,4,Yes,7,3,0,No
CLG0002,103,9.44,9.6,7,No,8,2,2,No
CLG0014,120,8.04,7.82,1,No,4,5,1,No
CLG0028,113,8.99,8.5,9,Yes,7,4,4,Yes
CLG0028,139,5.45,5.47,4,Yes,1,5,1,No
CLG0051,90,5.48,5.51,2,Yes,3,5,1,No
CLG0031,93,7.16,7.31,4,Yes,6,1,4,No
CLG0046,98,7.85,7.66,9,No,3,8,4,No
CLG0025,89,5.8,6.09,1,Yes,6,7,0,No
CLG0021,134,5.37,5.82,7,No,1,5,1,No
CLG0068,105,5.61,5.7,2,No,6,9,1,No
CLG0067,91,8.64,8.57,2,Yes,0,7,3,No
CLG0011,85,8.14,7.76,9,No,6,2,4,No
CLG0022,94,9.84,9.5,8,No,4,9,2,Yes
CLG0032,107,8.99,8.81,4,Yes,9,3,1,No
CLG0002,144,7.76,7.83,6,No,1,7,5,No
CLG0064,94,8.76,8.54,5,Yes,6,4,5,No
CLG0001,108,9.79,9.41,6,No,1,2,0,No
CLG0084,96,5.37,5.56,3,No,10,7,2,No
CLG0042,115,6.99,7.26,9,No,4,2,2,No
CLG0043,107,5.3,5.26,1,Yes,5,9,3,No
CLG0026,115,9.41,9.52,2,No,1,5,5,Yes
CLG0065,95,9.75,9.64,10,Yes,6,8,2,Yes
CLG0098,128,8.22,8.29,4,Yes,6,10,4,Yes
CLG0077,91,7.68,8.08,1,Yes,4,2,1,No
CLG0031,118,9.32,9.81,2,Yes,2,6,3,Yes
CLG0093,99,7.45,7.32,1,No,0,5,1,No
CLG0062,105,9.55,9.96,2,No,9,8,4,Yes
CLG0036,123,5.45,5.08,1,Yes,9,2,0,No
CLG0039,80,6.96,7.36,5,No,6,8,3,No
CLG0044,93,6.44,5.98,6,Yes,3,9,1,No
CLG0018,89,7.34,7.49,1,Yes,9,8,1,No
CLG0086,106,7.45,7.58,4,Yes,9,6,4,No
CLG0036,121,5.69,5.7,7,No,6,1,4,No
CLG0068,115,9.64,10.05,1,No,8,5,4,Yes
CLG0020,73,6.78,6.72,7,No,3,1,2,No
CLG0046,77,8.78,8.89,9,Yes,2,7,3,No
CLG0098,68,9.5,9.08,8,Yes,8,7,2,No
CLG0064,115,7.74,7.82,10,Yes,7,3,4,No
CLG0035,83,8.69,8.32,3,Yes,2,4,3,No
CLG0077,104,7.73,7.8,7,No,0,4,2,No
CLG0052,103,8.06,8.19,4,No,1,2,1,No
CLG0069,128,8.75,8.46,9,No,10,5,3,Yes
CLG0007,104,6.39,6.02,1,No,9,8,3,No
CLG0078,79,6.77,7.04,3,Yes,6,7,2,No
CLG0097,92,6.36,6.18,7,No,4,6,1,No
CLG0060,80,8.28,8.27,5,No,9,7,1,No
CLG0095,85,8.09,8.4,1,No,9,7,2,No
CLG0048,112,8.07,7.8,3,No,9,9,3,Yes
CLG0063,108,9.39,8.98,8,No,9,1,3,No
CLG0051,95,7.62,7.73,5,Yes,9,3,5,No
CLG0036,115,7.32,7.07,10,No,5,7,2,No
CLG0063,95,5.26,5.68,9,Yes,2,3,3,No
CLG0091,91,7.28,7.29,7,Yes,3,10,2,No
CLG0087,82,7.63,7.42,2,Yes,2,7,3,No
CLG0022,87,6.39,6.32,4,No,1,4,2,No
CLG0051,108,5.16,5.16,2,No,5,5,2,No
CLG0072,106,6.92,6.81,10,Yes,8,6,0,No
CLG0020,96,5.88,5.78,6,No,1,10,2,No
CLG0020,86,8.72,8.81,2,Yes,3,10,3,Yes
CLG0015,113,7.47,7.49,2,No,7,10,4,Yes
CLG0058,108,6.79,6.97,9,Yes,2,8,4,No
CLG0016,87,6.53,6.32,1,No,4,8,4,No
CLG0001,124,6.09,6.32,9,Yes,2,6,3,No
CLG0079,93,7.57,7.28,1,No,10,7,2,No
CLG0068,104,9.88,10.18,2,No,7,4,5,No
CLG0086,114,7.77,8.22,5,No,10,6,1,No
CLG0039,99,9.58,9.89,8,No,3,2,1,No
CLG0050,98,6.83,6.52,10,No,0,9,0,No
CLG0032,101,6.6,6.7,5,Yes,4,3,1,No
CLG0095,106,8.99,8.66,4,No,9,4,0,No
CLG0041,76,7.92,7.56,7,Yes,1,8,3,No
CLG0064,105,5.63,5.7,1,No,7,7,4,No
CLG0091,87,6.04,5.83,9,No,2,7,4,No
CLG0059,91,9.67,9.54,6,Yes,1,9,4,Yes
CLG0022,90,9.67,9.92,2,No,0,10,1,No
CLG0014,114,9.36,9.16,2,No,6,9,4,Yes
CLG0072,106,7.27,7.48,7,Yes,1,6,1,No
CLG0022,105,8.12,7.97,7,No,9,3,4,No
CLG0095,79,5.35,5.16,2,No,1,1,3,No
CLG0088,99,9.17,8.94,6,Yes,8,1,3,No
CLG0007,89,7.67,8.0,7,No,8,4,2,No
CLG0027,106,6.92,6.71,2,No,4,9,4,No
CLG0048,77,9.7,9.23,1,No,3,8,2,Yes
CLG0038,92,6.49,6.98,5,Yes,0,1,2,No
CLG0064,93,8.22,8.71,10,No,2,9,0,No
CLG0006,105,8.34,8.39,5,No,9,6,4,No
CLG0066,106,7.24,7.15,1,Yes,8,2,0,No
CLG0013,93,9.3,9.6,6,No,8,6,3,No
CLG0068,93,5.2,5.01,2,No,5,4,4,No
CLG0013,129,9.53,9.23,7,Yes,10,6,2,Yes
CLG0014,96,7.15,7.06,4,No,5,6,1,No
CLG0044,135,8.85,8.96,5,No,6,9,4,Yes
CLG0034,94,9.78,9.66,3,No,3,3,0,No
CLG0024,136,6.31,6.73,8,No,8,10,0,No
CLG0011,83,7.15,6.79,10,Yes,4,8,0,No
CLG0012,112,6.15,5.77,10,No,4,2,0,No
CLG0082,114,8.61,8.12,3,No,0,6,1,No
CLG0005,109,5.78,6.01,5,No,8,4,0,No
CLG0077,82,7.29,6.9,2,No,4,1,0,No
CLG0055,95,5.17,5.25,9,No,5,8,1,No
CLG0056,102,7.96,8.43,3,No,10,2,0,No
CLG0005,102,6.18,5.92,7,No,5,8,3,No
CLG0007,86,6.14,6.49,8,No,4,7,3,No
CLG0012,122,8.87,8.43,6,No,1,5,4,Yes
CLG0020,112,5.71,5.44,10,No,6,3,2,No
CLG0036,118,8.7,8.33,6,No,1,3,3,Yes
CLG0073,94,7.1,7.48,7,No,0,4,5,No
CLG0057,106,8.51,8.44,2,No,0,2,1,No
CLG0022,110,7.09,7.45,8,No,1,4,1,No
CLG0010,112,5.72,5.27,5,No,0,5,0,No
CLG0097,96,9.86,9.72,8,No,5,3,2,No
CLG0089,115,7.16,6.97,4,No,5,7,2,No
CLG0030,89,5.73,5.39,2,Yes,5,7,1,No
CLG0016,83,6.24,6.26,10,Yes,4,1,2,No
CLG0038,104,6.98,7.42,7,No,5,3,0,No
CLG0055,81,5.64,5.87,10,No,10,7,1,No
CLG0050,98,8.47,8.13,2,No,10,10,1,No
CLG0049,77,6.72,6.98,8,Yes,1,6,1,No
CLG0027,103,8.12,8.54,9,Yes,6,4,3,No
CLG0082,121,8.51,8.72,2,Yes,8,7,3,Yes
CLG0055,110,9.68,9.68,5,Yes,9,5,4,No
CLG0055,106,8.66,8.39,8,No,9,6,2,No
CLG0045,88,6.81,6.88,9,No,7,1,0,No
CLG0040,106,7.72,8.11,8,Yes,1,9,2,Yes
CLG0046,68,7.55,7.29,1,No,7,10,5,No
CLG0010,118,6.68,7.02,9,No,9,3,2,No
CLG0048,82,6.71,6.58,9,No,7,7,1,No
CLG0093,75,7.59,7.21,6,No,1,2,3,No
CLG0068,80,7.29,7.49,9,No,3,1,3,No
CLG0046,118,6.96,7.0,4,Yes,9,9,3,Yes
CLG0042,88,7.11,6.66,1,No,1,10,4,No
CLG0094,83,6.96,7.28,1,No,10,8,1,No
CLG0040,93,8.91,9.14,7,Yes,1,10,2,Yes
CLG0054,92,6.77,6.85,8,No,9,8,5,No
CLG0061,100,5.55,5.19,7,No,9,4,2,No
CLG0002,96,7.21,7.01,10,Yes,9,4,1,No
CLG0092,113,7.12,7.05,10,No,5,4,4,No
CLG0088,95,6.12,5.9,9,No,3,10,0,No
CLG0038,89,5.7,6.11,8,No,9,7,5,No
CLG0094,118,9.17,8.91,7,No,1,1,0,No
CLG0074,93,5.79,5.79,8,No,2,7,3,No
CLG0032,93,6.33,6.75,1,No,3,5,2,No
CLG0006,100,9.53,9.89,7,Yes,10,7,5,No
CLG0029,87,9.24,9.65,4,Yes,4,7,3,No
CLG0092,87,9.74,9.28,5,No,0,6,4,No
CLG0044,109,5.86,5.98,4,No,2,4,0,No
CLG0098,122,7.9,7.62,3,No,10,4,5,No
CLG0083,99,7.71,7.5,9,No,4,7,1,No
CLG0079,115,5.46,5.69,4,Yes,2,9,4,Yes
CLG0080,97,7.99,7.84,2,No,3,5,2,No
CLG0008,86,7.03,7.26,6,Yes,7,5,4,No
CLG0069,109,8.61,8.53,8,No,9,3,5,No
CLG0071,102,7.17,7.3,2,Yes,6,8,4,No
CLG0084,99,6.52,6.77,3,Yes,2,2,0,No
CLG0055,114,7.96,7.62,3,Yes,7,7,4,No
CLG0075,107,8.04,8.23,5,No,5,2,3,No
CLG0017,111,7.97,8.16,4,No,4,5,3,Yes
CLG0021,118,8.82,8.73,10,Yes,0,2,3,Yes
CLG0042,94,9.92,10.35,1,Yes,6,2,0,No
CLG0046,67,9.73,9.91,5,No,3,5,4,No
CLG0050,138,5.08,4.92,9,Yes,8,4,1,No
CLG0031,106,7.21,7.64,5,Yes,3,7,0,No
CLG0042,95,9.26,9.05,3,Yes,4,6,4,No
CLG0038,102,8.86,8.59,3,Yes,1,10,5,Yes
CLG0009,88,9.61,9.37,8,Yes,2,2,1,No
CLG0011,76,6.33,6.01,3,No,10,9,2,No
CLG0009,124,9.95,9.59,5,Yes,7,4,4,Yes
CLG0032,111,7.62,7.58,10,No,8,8,4,Yes
CLG0008,105,8.22,8.39,5,No,5,6,1,No
CLG0087,94,7.6,7.15,3,No,8,3,2,No
CLG0031,102,8.26,7.79,4,No,7,2,5,No
CLG0019,111,9.68,9.2,9,No,4,3,1,No
CLG0075,108,7.49,7.37,8,Yes,3,5,5,No
CLG0068,102,5.99,5.83,10,No,1,7,4,No
CLG0038,84,6.8,6.31,3,Yes,7,6,5,No
CLG0078,110,9.49,9.22,7,No,6,9,0,No
CLG0081,78,8.96,9.44,9,No,5,3,1,No
CLG0026,119,9.3,9.61,4,No,9,9,4,Yes
CLG0035,107,5.1,5.21,2,No,5,1,2,No
CLG0089,88,6.49,6.41,5,No,10,7,5,No
CLG0035,103,7.76,7.95,6,No,7,5,4,No
CLG0080,74,6.08,6.47,10,Yes,4,2,1,No
CLG0079,78,7.16,6.85,3,No,2,5,4,No
CLG0072,93,6.33,6.38,4,Yes,8,5,2,No
CLG0062,92,5.98,6.18,1,Yes,6,7,4,No
CLG0023,102,9.92,10.19,6,Yes,4,2,1,No
CLG0005,120,5.25,5.56,1,Yes,6,1,3,No
CLG0028,94,5.58,5.49,9,Yes,4,3,3,No
CLG0065,83,8.05,8.34,5,No,0,2,4,No
CLG0032,108,9.46,9.81,4,No,2,8,1,No
CLG0093,99,6.14,5.93,5,No,3,6,2,No
CLG0045,112,6.15,5.91,1,No,5,10,4,Yes
CLG0022,86,6.72,6.23,5,No,10,7,1,No
CLG0005,106,6.46,6.21,9,Yes,6,1,3,No
CLG0039,97,7.08,7.24,8,No,4,5,2,No
CLG0071,108,9.58,9.27,7,No,8,3,4,No
CLG0028,116,8.57,8.25,6,No,9,3,3,Yes
CLG0051,119,7.98,8.28,5,No,7,5,5,Yes
CLG0085,93,7.79,7.42,6,No,7,10,2,No
CLG0053,116,6.91,7.07,10,No,0,2,3,No
CLG0069,78,9.91,10.33,3,No,1,3,3,No
CLG0083,123,6.39,6.06,1,No,0,8,2,Yes
CLG0072,84,6.12,6.61,8,No,5,3,0,No
CLG0028,88,8.4,8.47,4,No,5,6,4,No
CLG0062,79,6.21,6.47,7,No,8,1,3,No
CLG0029,89,5.73,6.02,3,No,9,10,4,No
CLG0077,119,5.62,5.6,1,No,10,1,4,No
CLG0069,113,8.15,8.04,6,No,8,6,4,Yes
CLG0055,103,7.43,7.52,7,Yes,8,7,0,No
CLG0068,123,9.2,9.09,5,No,1,9,5,Yes
CLG0077,93,7.32,7.25,5,No,0,2,0,No
CLG0043,94,8.31,8.72,10,No,5,8,4,Yes
CLG0009,85,7.94,8.18,9,No,1,7,3,No
CLG0027,115,5.67,5.55,4,Yes,2,8,4,Yes
CLG0014,98,8.61,9.09,2,Yes,8,4,4,No
CLG0018,66,7.43,7.89,4,No,3,9,4,No
CLG0015,100,6.84,7.33,1,No,4,6,5,No
CLG0088,66,8.17,8.64,6,No,0,3,2,No
CLG0046,88,9.82,10.25,10,Yes,10,10,5,Yes
CLG0065,104,8.21,8.57,6,No,3,10,3,Yes
CLG0013,114,7.2,6.91,2,Yes,10,2,2,No
CLG0061,95,7.14,7.4,7,Yes,1,4,0,No
CLG0091,95,5.96,6.08,9,No,9,2,2,No
CLG0001,102,8.86,9.07,9,No,1,6,0,No
CLG0012,117,8.11,8.23,1,Yes,3,9,4,Yes
CLG0067,106,6.19,6.19,6,No,10,9,0,No
CLG0024,98,6.25,6.61,6,No,0,7,2,No
CLG0087,93,8.23,7.75,10,No,8,10,5,No
CLG0085,88,8.29,8.01,8,Yes,4,10,2,Yes
CLG0059,96,7.28,7.54,7,No,8,3,1,No
CLG0015,96,5.26,5.32,7,No,5,8,0,No
CLG0027,103,9.16,8.97,2,Yes,10,3,0,No
CLG0055,101,9.0,9.41,5,No,10,3,4,No
CLG0072,95,9.84,9.98,8,No,0,1,3,No
CLG0001,78,8.23,8.28,8,Yes,8,5,0,No
CLG0051,86,8.73,8.27,6,Yes,6,7,0,No
CLG0080,99,5.82,5.89,5,No,10,10,2,No
CLG0045,85,5.5,5.14,2,No,6,9,1,No
CLG0028,114,8.42,8.7,7,Yes,9,6,5,Yes
CLG0082,101,8.05,8.19,6,No,10,3,0,No
CLG0079,116,8.46,8.93,9,Yes,6,4,3,Yes
CLG0035,107,8.2,8.62,4,Yes,3,6,1,No
CLG0037,134,7.34,7.82,10,No,9,6,3,No
CLG0009,108,5.11,5.09,6,No,9,9,5,No
CLG0050,106,5.8,6.1,3,Yes,8,4,5,No
CLG0012,94,7.8,7.33,2,No,10,2,3,No
CLG0082,113,7.47,7.27,7,Yes,3,1,5,No
CLG0098,75,8.99,8.49,6,Yes,1,7,0,No
CLG0099,91,5.74,5.63,1,No,10,6,4,No
CLG0084,108,5.4,5.69,3,No,9,6,0,No
CLG0098,87,5.18,5.66,10,No,2,4,4,No
CLG0027,105,5.35,5.76,1,No,3,10,5,No
CLG0100,92,5.13,5.5,7,No,6,9,1,No
CLG0099,87,9.64,10.06,3,No,0,1,2,No
CLG0024,111,8.56,8.97,4,No,8,6,2,Yes
CLG0066,83,8.6,8.86,1,No,10,9,2,Yes
CLG0039,121,6.08,6.52,6,No,9,6,5,No
CLG0052,97,7.12,7.53,4,No,1,7,2,No
CLG0057,89,7.25,7.48,9,No,6,4,5,No
CLG0032,89,6.38,6.46,1,No,6,6,1,No
CLG0004,96,5.38,5.3,7,No,0,8,2,No
CLG0069,102,8.13,8.2,9,Yes,4,8,0,No
CLG0026,96,7.31,7.18,9,Yes,2,10,5,No
CLG0090,112,5.24,5.26,3,No,6,4,5,No
CLG0071,104,6.78,6.75,4,Yes,5,9,5,No
CLG0083,93,9.22,9.63,1,Yes,9,10,1,No
CLG0009,99,7.93,7.57,5,No,1,7,0,No
CLG0023,89,6.09,5.95,8,No,9,4,0,No
CLG0046,93,6.62,6.4,5,Yes,8,9,0,No
CLG0083,106,9.74,9.66,10,No,0,10,3,Yes
CLG0078,99,8.18,7.69,9,No,0,3,2,No
CLG0053,99,5.61,5.92,4,Yes,3,6,3,No
CLG0029,118,9.98,10.1,7,Yes,5,3,1,No
CLG0025,90,5.62,5.56,6,Yes,1,7,0,No
CLG0051,103,7.12,7.08,3,No,0,7,3,No
CLG0040,101,7.69,7.38,7,No,2,7,2,No
CLG0056,97,9.66,9.77,8,No,0,10,3,Yes
CLG0062,104,7.26,7.31,5,Yes,7,2,3,No
CLG0028,94,7.12,6.81,6,Yes,6,6,1,No
CLG0045,104,7.14,6.65,1,Yes,6,8,1,No
CLG0052,106,6.12,6.09,7,Yes,1,10,5,No
CLG0071,100,7.76,7.47,7,Yes,2,1,4,No
CLG0028,94,9.49,9.08,2,No,3,9,2,Yes
CLG0052,114,7.83,7.71,1,Yes,1,3,2,No
CLG0067,107,6.31,6.29,7,Yes,7,3,0,No
CLG0089,102,7.03,6.83,7,Yes,2,2,2,No
CLG0094,92,8.95,9.27,3,Yes,6,10,4,Yes
CLG0023,93,5.35,4.93,1,No,7,9,3,No
CLG0066,108,9.01,8.72,7,No,7,1,1,No
CLG0020,120,5.92,5.88,2,No,10,10,5,Yes
CLG0094,95,6.02,5.6,3,Yes,6,1,1,No
CLG0027,108,9.4,9.39,7,No,5,6,3,No
CLG0004,99,6.15,6.25,7,Yes,4,6,4,No
CLG0031,105,8.24,7.75,7,No,10,9,1,No
CLG0002,88,9.84,10.01,1,Yes,6,5,3,No
CLG0006,93,6.26,6.67,8,Yes,8,3,2,No
CLG0032,97,8.01,7.81,3,Yes,5,4,1,No
CLG0023,97,9.49,9.15,5,Yes,6,9,4,Yes
CLG0095,118,7.59,7.62,1,Yes,0,7,5,No
CLG0038,99,7.87,7.42,7,Yes,3,8,0,No
CLG0086,107,9.35,9.65,3,Yes,0,1,3,No
CLG0058,108,7.01,7.27,3,No,6,4,1,No
CLG0054,100,5.21,5.19,1,Yes,3,6,2,No
CLG0004,88,5.0,4.69,3,No,0,2,0,No
CLG0093,109,7.2,6.89,2,No,7,1,2,No
CLG0047,97,9.6,9.31,6,Yes,4,10,0,No
CLG0078,110,6.48,6.2,3,No,0,1,4,No
CLG0035,86,6.53,6.81,7,Yes,8,7,5,No
CLG0078,116,5.79,5.82,4,Yes,4,8,0,No
CLG0030,125,8.66,8.39,6,No,2,6,0,No
CLG0088,104,6.83,6.74,10,Yes,10,1,5,No
CLG0007,78,9.58,10.01,8,No,9,8,2,Yes
CLG0040,130,8.42,8.37,9,Yes,2,4,0,No
CLG0039,102,6.85,6.88,4,Yes,3,1,4,No
CLG0039,94,6.79,6.36,2,Yes,8,1,2,No
CLG0068,97,7.61,8.05,6,Yes,4,2,0,No
CLG0028,77,5.61,5.25,1,No,3,10,1,No
CLG0009,104,7.94,7.5,2,No,10,3,2,No
CLG0031,74,8.84,8.85,8,No,5,8,0,No
CLG0034,107,7.73,8.15,2,Yes,7,5,0,No
CLG0015,102,8.67,8.28,1,No,5,6,2,No
CLG0028,101,7.62,7.3,1,Yes,0,5,2,No
CLG0024,90,8.12,7.72,6,No,1,1,2,No
CLG0013,103,7.99,7.98,9,No,7,10,5,No
CLG0020,110,8.6,8.48,5,No,5,3,4,No
CLG0048,103,9.22,8.72,4,Yes,3,10,0,No
CLG0095,105,7.56,7.97,9,No,10,7,5,No
CLG0020,107,6.61,6.76,9,No,4,4,0,No
CLG0067,94,7.0,6.78,3,No,2,6,5,No
CLG0064,96,5.44,5.77,5,No,0,4,1,No
CLG0054,92,8.87,9.09,4,Yes,1,4,3,No
CLG0084,107,9.4,9.02,6,Yes,6,6,0,No
CLG0004,104,7.01,6.92,1,Yes,3,6,0,No
CLG0007,101,7.27,7.51,6,No,10,4,1,No
CLG0036,90,7.83,7.57,4,Yes,2,3,5,No
CLG0085,103,7.34,7.28,8,Yes,9,2,1,No
CLG0069,94,9.52,9.63,4,Yes,4,7,1,No
CLG0053,123,6.15,6.58,7,Yes,1,10,3,Yes
CLG0075,79,8.71,8.47,1,No,6,10,4,Yes
CLG0067,93,8.98,8.7,2,Yes,10,9,4,Yes
CLG0087,112,6.5,6.09,10,Yes,4,10,5,Yes
CLG0034,95,7.63,7.81,9,Yes,1,4,0,No
CLG0086,114,9.21,9.55,2,No,3,8,5,Yes
CLG0099,78,7.38,7.58,5,No,1,4,4,No
CLG0020,115,7.34,6.87,5,Yes,3,1,2,No
CLG0060,90,6.92,6.73,4,No,1,8,0,No
CLG0022,63,5.51,5.21,3,Yes,0,4,0,No
CLG0073,118,7.46,7.39,8,No,0,6,4,No
CLG0007,129,8.52,8.55,8,Yes,9,10,5,Yes
CLG0018,94,8.17,7.79,6,No,3,6,3,No
CLG0059,90,9.22,8.87,2,No,2,2,0,No
CLG0032,124,8.7,8.33,3,No,1,3,3,Yes
CLG0020,91,9.22,8.84,9,Yes,9,8,3,Yes
CLG0082,108,5.91,5.75,9,No,1,10,1,No
CLG0024,77,6.97,6.51,8,Yes,0,9,4,No
CLG0056,83,5.88,5.68,10,Yes,5,2,0,No
CLG0085,114,5.01,4.83,5,No,2,5,0,No
CLG0049,106,7.09,7.11,4,No,7,5,1,No
CLG0068,118,5.42,5.58,7,No,4,7,0,No
CLG0088,104,9.93,10.38,1,No,7,2,3,No
CLG0051,81,9.44,9.28,8,No,7,2,5,No
CLG0003,91,5.42,5.77,3,Yes,2,5,3,No
CLG0049,108,8.42,8.03,7,No,7,3,2,No
CLG0010,98,7.89,7.78,7,No,6,10,0,No
CLG0031,119,9.91,10.13,2,No,4,9,2,Yes
CLG0100,100,7.23,7.7,8,No,0,4,5,No
CLG0006,99,9.08,8.64,6,No,3,8,0,No
CLG0003,94,7.56,7.72,7,No,1,9,3,No
CLG0019,119,9.45,9.34,10,No,0,6,1,No
CLG0050,92,5.09,4.6,8,No,4,3,2,No
CLG0029,121,6.63,6.34,9,No,4,6,2,No
CLG0065,112,8.96,8.95,2,No,3,1,2,Yes
CLG0019,109,8.14,7.92,6,Yes,1,2,5,No
CLG0090,110,6.93,7.07,7,No,3,6,1,No
CLG0010,106,5.31,5.15,3,No,10,1,4,No
CLG0038,98,9.41,9.41,5,Yes,9,3,1,No
CLG0023,81,7.06,7.23,5,Yes,3,2,3,No
CLG0093,78,6.23,6.15,3,No,4,5,1,No
CLG0087,103,7.4,7.62,3,Yes,5,3,0,No
CLG0012,108,5.38,5.82,4,No,1,1,3,No
CLG0005,111,6.92,6.56,10,Yes,3,5,4,No
CLG0088,60,9.28,9.19,10,No,5,1,2,No
CLG0027,106,7.95,8.4,9,Yes,4,3,5,No
CLG0015,122,9.01,8.77,2,Yes,1,2,2,Yes
CLG0023,90,9.09,9.47,1,No,10,7,1,No
CLG0050,109,7.98,8.43,2,Yes,1,4,2,No
CLG0045,91,6.06,6.54,1,No,4,8,3,No
CLG0022,95,5.6,6.09,4,Yes,6,4,5,No
CLG0084,110,9.8,9.89,2,No,2,9,3,Yes
CLG0053,103,9.1,9.02,4,No,1,10,4,Yes
CLG0072,78,7.07,7.2,6,No,5,6,0,No
CLG0074,101,7.38,7.38,1,No,1,8,2,No
CLG0091,100,9.51,9.18,1,Yes,2,6,1,No
CLG0090,97,5.09,5.39,5,No,3,5,3,No
CLG0052,83,5.76,6.21,5,Yes,9,8,3,No
CLG0096,116,7.41,7.12,10,No,6,8,1,No
CLG0070,104,9.01,8.98,2,No,7,4,3,No
CLG0068,106,8.49,8.77,10,No,5,7,2,No
CLG0092,79,5.94,5.62,5,No,10,4,4,No
CLG0066,107,9.95,9.58,10,No,6,4,3,No
CLG0070,94,5.55,5.16,7,Yes,8,1,5,No
CLG0020,112,8.78,9.0,6,Yes,7,2,1,No
CLG0041,84,9.15,9.42,2,Yes,8,6,2,No
CLG0062,113,6.15,5.75,9,No,2,4,4,No
CLG0041,119,7.23,7.5,10,No,10,2,2,No
CLG0097,97,5.45,5.65,6,No,8,5,4,No
CLG0039,99,7.34,7.66,3,Yes,9,10,5,No
CLG0090,112,9.88,9.88,6,Yes,5,4,2,Yes
CLG0066,113,9.49,9.43,2,Yes,1,5,1,No
CLG0079,96,8.83,8.9,10,Yes,10,5,3,No
CLG0007,103,9.14,9.19,1,Yes,3,3,1,No
CLG0025,102,6.99,7.11,9,No,9,5,3,No
CLG0098,114,8.69,8.91,1,No,0,2,0,No
CLG0070,112,8.58,8.18,7,No,7,9,4,Yes
CLG0044,102,7.96,7.62,2,Yes,9,8,0,No
CLG0078,87,7.71,7.37,10,No,1,1,3,No
CLG0085,122,6.22,5.81,3,No,1,6,0,No
CLG0032,101,5.05,5.07,5,Yes,10,9,2,No
CLG0099,110,8.67,8.25,8,No,0,8,4,Yes
CLG0030,92,5.25,5.62,9,Yes,4,2,4,No
CLG0055,117,7.33,7.78,7,Yes,6,1,1,No
CLG0087,126,6.3,6.34,9,Yes,5,9,3,Yes
CLG0007,124,6.68,6.58,6,Yes,3,5,0,No
CLG0041,99,7.75,7.42,3,No,9,6,5,No
CLG0067,110,7.57,8.0,10,No,8,5,5,No
CLG0013,57,9.66,9.37,9,Yes,0,5,2,No
CLG0012,118,5.78,5.45,3,Yes,6,2,4,No
CLG0028,105,5.15,5.62,7,No,8,3,3,No
CLG0005,75,6.91,7.0,6,No,3,6,3,No
CLG0067,124,9.74,9.85,8,Yes,4,9,4,Yes
CLG0026,106,5.06,5.26,1,No,6,6,0,No
CLG0022,115,9.34,9.39,1,No,4,2,5,Yes
CLG0087,92,5.33,5.01,9,No,3,4,4,No
CLG0072,103,7.74,7.57,4,No,8,3,2,No
CLG0001,81,9.8,9.47,3,No,4,9,0,No
CLG0010,97,8.55,8.2,2,No,2,8,4,Yes
CLG0006,91,9.09,8.99,4,No,6,2,4,No
CLG0019,107,6.65,6.16,8,No,1,1,4,No
CLG0096,119,7.82,7.65,6,Yes,10,4,2,No
CLG0060,107,7.26,6.78,9,No,0,7,4,No
CLG0096,96,5.27,5.06,9,Yes,8,10,2,No
CLG0087,114,7.8,8.2,6,Yes,9,6,5,Yes
CLG0026,98,9.09,8.69,3,No,3,10,0,No
CLG0023,101,8.67,8.48,1,No,3,3,5,No
CLG0093,100,7.46,7.5,8,No,5,6,0,No
CLG0064,111,5.84,6.13,1,Yes,8,3,5,No
CLG0084,127,9.48,9.12,1,No,7,8,0,Yes
CLG0072,85,9.16,9.1,7,Yes,5,5,5,No
CLG0099,92,9.58,9.12,1,No,2,5,1,No
CLG0068,102,6.29,6.02,7,Yes,0,9,4,No
CLG0002,104,6.08,5.63,10,No,9,7,1,No
CLG0100,107,8.5,8.6,2,No,9,7,2,No
CLG0027,130,8.66,8.55,7,No,1,10,5,Yes
CLG0006,118,5.25,5.31,5,No,4,6,5,No
CLG0024,56,6.18,6.24,8,Yes,6,3,5,No
CLG0052,110,6.03,5.65,7,No,2,9,5,No
CLG0009,102,7.1,6.9,7,No,9,5,1,No
CLG0009,92,6.59,6.16,2,No,5,9,2,No
CLG0040,107,9.4,9.31,5,No,1,9,5,Yes
CLG0037,101,6.26,6.24,6,No,3,2,3,No
CLG0038,104,9.99,10.14,9,Yes,1,1,3,No
CLG0052,83,7.62,8.11,3,No,2,6,3,No
CLG0057,87,9.49,9.47,3,Yes,0,2,5,No
CLG0099,109,8.97,8.76,1,Yes,9,2,0,No
CLG0003,90,8.48,8.75,4,No,3,5,3,No
CLG0076,100,8.87,8.94,10,No,3,10,0,No
CLG0081,88,8.87,8.87,7,No,1,8,2,Yes
CLG0040,103,6.23,6.57,8,Yes,9,5,2,No
CLG0063,101,9.84,10.07,3,No,5,9,3,Yes
CLG0044,88,5.35,5.05,9,Yes,7,9,0,No
CLG0020,93,7.51,7.91,9,No,0,1,0,No
CLG0076,121,5.78,5.38,7,Yes,2,4,5,No
CLG0063,116,6.97,7.39,6,No,10,10,4,Yes
CLG0089,93,9.45,9.14,10,Yes,3,3,3,No
CLG0033,111,8.37,8.03,6,No,4,9,0,Yes
CLG0028,140,7.11,7.47,10,No,7,10,1,No
CLG0078,94,6.35,6.8,3,No,3,5,1,No
CLG0078,100,8.75,8.65,3,Yes,0,2,5,No
CLG0035,110,6.94,6.57,5,Yes,7,2,2,No
CLG0078,87,9.42,9.71,2,No,0,2,3,No
CLG0077,95,5.56,6.04,9,No,9,7,1,No
CLG0003,88,5.82,5.83,10,Yes,9,10,3,No
CLG0008,76,9.7,9.96,6,Yes,4,10,3,Yes
CLG0026,102,5.4,5.49,2,No,5,3,1,No
CLG0095,81,9.09,9.29,7,No,7,3,2,No
CLG0057,97,9.87,9.47,5,No,8,8,2,Yes
CLG0076,116,8.93,8.79,9,No,2,4,5,Yes
CLG0070,102,7.17,7.43,10,No,2,7,4,No
CLG0023,115,7.98,8.1,7,No,8,3,3,Yes
CLG0048,110,8.71,9.02,5,No,10,1,2,No
CLG0049,100,8.59,8.81,7,No,9,6,1,No
CLG0080,93,5.62,5.36,8,Yes,5,10,0,No
CLG0069,82,8.94,8.66,3,No,7,8,2,Yes
CLG0087,106,5.89,5.57,8,Yes,1,3,2,No
CLG0097,117,6.76,7.21,4,Yes,9,9,5,Yes
CLG0077,113,6.29,6.6,6,No,6,7,1,No
CLG0035,90,6.61,6.37,2,Yes,1,2,0,No
CLG0020,73,5.64,5.28,3,No,0,9,0,No
CLG0029,117,7.44,7.68,7,Yes,5,9,2,Yes
CLG0073,84,5.61,5.25,4,No,9,3,5,No
CLG0076,124,6.26,5.86,10,Yes,4,10,4,Yes
CLG0039,105,5.08,5.28,2,No,4,2,5,No
CLG0030,120,8.26,8.58,8,Yes,3,3,4,Yes
CLG0008,101,7.41,6.93,9,No,3,3,0,No
CLG0028,96,6.77,7.07,3,No,0,3,1,No
CLG0045,115,9.41,8.97,9,No,5,2,2,Yes
CLG0100,102,8.27,8.51,8,Yes,9,2,2,No
CLG0100,98,5.28,5.53,1,No,2,3,0,No
CLG0030,105,5.39,5.28,2,No,10,3,4,No
CLG0073,99,6.91,6.44,5,No,7,10,3,No
CLG0029,96,6.64,6.45,1,No,1,5,0,No
CLG0062,114,5.75,6.2,7,No,2,2,4,No
CLG0036,90,7.33,7.42,6,No,2,1,4,No
CLG0003,91,6.19,6.09,5,Yes,1,10,2,No
CLG0044,102,8.2,8.57,3,Yes,8,10,5,Yes
CLG0082,109,6.07,6.22,10,No,7,8,4,No
CLG0005,87,9.75,9.79,10,Yes,6,8,2,Yes
CLG0054,96,9.35,9.8,5,No,5,3,4,No
CLG0073,108,6.34,6.26,5,No,7,1,5,No
CLG0072,92,6.42,6.21,7,No,4,4,0,No
CLG0082,103,5.22,5.2,2,No,7,6,5,No
CLG0048,71,7.94,7.56,5,Yes,3,4,3,No
CLG0094,112,5.02,5.0,8,No,0,6,0,No
CLG0054,112,6.19,6.02,1,No,2,3,5,No
CLG0006,87,6.45,6.36,4,Yes,10,1,4,No
CLG0009,85,6.43,6.09,10,No,2,5,4,No
CLG0031,100,8.16,8.36,6,Yes,6,3,2,No
CLG0067,113,7.73,7.59,6,No,0,7,3,No
CLG0071,84,8.52,8.93,7,No,3,1,4,No
CLG0065,95,9.55,9.42,9,No,9,6,3,No
CLG0086,67,8.34,8.61,1,No,4,2,4,No
CLG0088,125,9.85,10.12,10,No,4,9,1,Yes
CLG0054,80,5.69,5.98,5,Yes,2,3,4,No
CLG0067,113,8.95,8.56,10,Yes,9,8,0,Yes
CLG0089,109,9.25,9.04,1,No,3,4,3,No
CLG0094,115,6.61,6.43,4,No,3,10,4,Yes
CLG0051,131,7.1,7.43,8,No,1,7,3,No
CLG0093,86,9.47,9.26,10,Yes,8,6,4,No
CLG0061,106,6.46,6.56,3,Yes,10,8,5,No
CLG0013,98,8.05,8.1,5,No,5,1,1,No
CLG0046,91,8.52,8.54,9,No,9,6,5,No
CLG0080,87,7.22,7.7,3,No,0,5,1,No
CLG0079,118,7.82,7.88,4,No,1,1,5,No
CLG0056,106,7.54,7.96,5,No,8,3,3,No
CLG0051,80,5.3,5.48,10,Yes,10,4,4,No
CLG0097,92,7.16,6.66,5,No,5,8,1,No
CLG0036,118,8.78,8.84,10,No,0,10,0,Yes
CLG0057,93,9.66,9.73,9,Yes,0,3,0,No
CLG0047,102,9.73,9.75,6,No,1,8,5,Yes
CLG0077,92,7.57,7.44,4,Yes,6,7,1,No
CLG0098,88,8.33,8.43,10,Yes,6,3,3,No
CLG0083,97,5.75,5.64,5,Yes,8,2,5,No
CLG0082,90,6.81,6.89,4,No,5,4,2,No
CLG0055,73,8.63,8.41,10,Yes,2,5,1,No
CLG0064,98,8.22,7.79,6,Yes,4,5,0,No
CLG0042,106,9.95,9.7,2,No,4,5,2,No
CLG0068,116,5.01,4.66,9,No,4,6,1,No
CLG0003,117,7.73,7.62,3,No,9,6,4,No
CLG0023,84,6.34,6.78,8,No,1,1,2,No
CLG0004,91,7.59,8.02,8,No,5,2,1,No
CLG0018,128,8.52,8.68,3,No,8,3,1,No
CLG0094,85,5.83,5.45,9,No,0,9,1,No
CLG0086,104,9.01,9.32,7,Yes,10,9,1,No
CLG0012,118,5.45,5.77,4,No,8,10,5,Yes
CLG0079,110,9.51,9.06,7,No,7,7,0,No
CLG0072,113,5.7,6.14,9,Yes,5,9,2,Yes
CLG0021,96,9.61,9.27,2,Yes,4,7,3,No
CLG0023,102,7.12,6.72,5,No,9,4,0,No
CLG0071,105,9.52,9.26,1,Yes,5,6,0,No
CLG0001,100,9.17,9.19,8,Yes,1,3,2,No
CLG0042,99,9.69,9.28,9,No,7,8,5,Yes
CLG0025,62,8.23,8.21,4,Yes,2,5,0,No
CLG0085,94,6.96,7.13,3,Yes,9,6,5,No
CLG0046,123,9.58,9.08,6,Yes,5,3,5,Yes
CLG0056,87,6.67,6.73,10,No,2,8,0,No
CLG0014,96,7.27,7.28,10,No,4,6,4,No
CLG0080,102,8.39,7.92,10,No,7,4,0,No
CLG0061,87,6.63,6.34,4,No,0,3,5,No
CLG0067,97,9.93,10.4,3,No,10,6,5,No
CLG0049,85,8.56,8.94,10,No,0,3,0,No
CLG0098,79,7.88,7.9,4,Yes,3,2,4,No
CLG0075,71,7.08,6.91,8,No,8,8,3,No
CLG0001,118,8.18,7.89,9,Yes,8,4,3,No
CLG0008,108,6.04,6.54,4,No,5,1,2,No
CLG0075,77,5.93,6.24,2,No,7,4,4,No
CLG0091,102,5.26,4.88,9,No,2,9,4,No
CLG0050,107,5.12,5.22,6,Yes,1,10,1,No
CLG0065,98,6.66,6.69,8,Yes,2,8,4,No
CLG0079,108,6.42,6.15,5,No,8,9,5,No
CLG0014,90,7.31,7.77,3,Yes,8,2,0,No
CLG0078,91,6.87,6.96,8,No,10,3,4,No
CLG0058,115,8.73,9.06,4,No,7,3,5,Yes
CLG0046,96,7.1,7.17,10,No,9,10,1,No
CLG0008,83,8.33,8.65,1,Yes,0,9,2,Yes
CLG0034,111,6.58,6.12,1,No,0,5,4,No
CLG0085,110,5.02,5.27,4,Yes,2,6,0,No
CLG0082,100,9.44,9.59,9,No,8,6,3,No
CLG0058,59,9.85,10.29,2,No,10,9,4,Yes
CLG0002,78,8.02,7.82,6,Yes,4,3,2,No
CLG0005,88,5.31,5.73,1,Yes,3,8,2,No
CLG0017,87,7.51,7.95,3,No,10,5,2,No
CLG0065,91,6.98,6.54,7,No,5,8,2,No
CLG0020,106,5.26,4.94,8,No,5,10,0,No
CLG0006,114,6.63,6.76,7,No,10,6,5,No
CLG0020,91,9.66,10.06,7,No,10,10,0,No
CLG0086,85,5.94,5.99,10,Yes,9,10,5,No
CLG0029,94,8.5,8.22,5,No,7,10,4,Yes
CLG0023,106,5.26,4.98,1,No,0,2,0,No
CLG0039,84,8.46,8.24,10,Yes,5,4,5,No
CLG0014,108,9.95,9.85,4,Yes,3,8,5,Yes
CLG0090,76,6.04,6.35,6,Yes,8,3,1,No
CLG0012,93,7.34,6.99,2,Yes,5,9,0,No
CLG0088,105,7.77,7.71,2,Yes,6,7,0,No
CLG0061,103,8.74,8.42,2,Yes,10,3,1,No
CLG0015,90,8.47,8.74,7,No,1,7,5,No
CLG0004,95,6.61,6.61,1,No,7,8,4,No
CLG0004,114,5.42,4.99,3,Yes,4,9,0,No
CLG0095,114,7.47,7.53,3,No,2,8,1,No
CLG0044,106,5.75,6.24,9,Yes,6,5,5,No
CLG0092,105,8.14,7.79,3,No,2,5,1,No
CLG0035,123,7.79,8.07,5,No,1,5,4,Yes
CLG0059,82,8.87,9.04,2,Yes,9,8,2,Yes
CLG0019,116,5.99,6.39,6,No,2,9,5,Yes
CLG0023,97,7.28,7.71,7,No,0,6,5,No
CLG0016,88,9.1,9.57,7,Yes,4,10,2,Yes
CLG0032,101,5.4,5.09,2,Yes,6,4,4,No
CLG0024,87,7.43,7.89,10,Yes,8,7,0,No
CLG0054,101,6.09,6.31,1,Yes,10,5,4,No
CLG0049,89,8.91,9.25,2,No,0,4,3,No
CLG0063,87,9.13,8.8,5,Yes,6,3,3,No
CLG0078,94,5.5,5.29,7,No,8,9,5,No
CLG0057,89,5.67,5.84,4,No,6,8,0,No
CLG0017,103,6.31,6.4,8,Yes,7,5,2,No
CLG0023,65,6.96,6.97,1,Yes,7,9,5,No
CLG0086,107,7.61,7.56,2,No,7,6,4,No
CLG0056,108,8.3,8.78,7,No,0,5,1,No
CLG0073,92,6.74,6.55,3,No,2,1,4,No
CLG0067,95,7.96,8.36,3,Yes,6,4,0,No
CLG0026,92,5.84,5.99,7,Yes,4,4,5,No
CLG0075,130,9.85,9.39,9,No,6,6,3,Yes
CLG0071,89,9.24,9.52,10,No,3,10,3,Yes
CLG0017,109,9.99,10.01,2,No,10,4,5,No
CLG0036,119,9.88,9.82,8,No,1,4,5,Yes
CLG0055,112,6.64,7.06,4,Yes,2,7,3,No
CLG0069,90,7.09,6.82,6,Yes,7,2,2,No
CLG0034,93,6.02,5.75,1,No,10,10,3,No
CLG0033,73,8.04,7.64,7,Yes,3,3,2,No
CLG0059,68,6.17,6.09,10,No,1,5,4,No
CLG0061,94,5.72,5.6,9,Yes,5,10,4,No
CLG0005,124,9.22,9.03,3,No,5,9,3,Yes
CLG0098,94,5.16,5.14,2,No,6,2,0,No
CLG0022,94,9.11,9.31,3,No,6,6,4,No
CLG0053,129,5.08,4.8,2,Yes,2,5,3,No
CLG0095,89,8.35,8.06,1,Yes,7,10,5,Yes
CLG0043,103,5.63,5.77,1,No,0,5,0,No
CLG0058,90,7.64,7.93,4,No,3,3,3,No
CLG0073,96,6.6,6.32,7,Yes,10,5,1,No
CLG0090,98,5.06,4.59,8,No,3,3,0,No
CLG0091,112,9.12,8.87,5,No,8,7,2,Yes
CLG0045,81,9.02,9.39,7,Yes,10,5,4,No
CLG0026,112,5.22,5.71,6,No,8,4,0,No
CLG0051,99,9.92,10.28,6,No,10,9,5,Yes
CLG0005,83,5.49,5.78,2,No,8,3,0,No
CLG0031,60,6.86,6.4,7,No,8,10,4,No
CLG0078,94,7.52,7.56,7,No,3,10,5,No
CLG0012,77,5.23,5.5,3,Yes,5,3,4,No
CLG0089,119,6.98,6.8,9,No,0,4,4,No
CLG0023,125,6.8,7.25,5,No,3,9,0,No
CLG0053,86,5.29,5.29,9,Yes,6,1,4,No
CLG0066,102,8.3,8.79,5,Yes,5,7,5,No
CLG0026,115,7.7,8.05,10,Yes,6,10,0,Yes
CLG0016,84,9.37,9.15,2,No,10,8,0,No
CLG0034,83,8.58,8.27,3,No,2,8,1,No
CLG0011,86,9.18,8.72,6,Yes,5,6,1,No
CLG0039,99,8.79,8.37,5,Yes,10,10,0,No
CLG0064,83,9.7,9.73,4,Yes,10,8,2,Yes
CLG0039,93,5.58,5.56,9,Yes,5,4,0,No
CLG0005,116,5.01,4.94,8,No,3,8,1,No
CLG0016,73,6.67,7.0,2,No,3,7,5,No
CLG0090,105,9.91,9.7,7,No,7,1,3,No
CLG0078,81,7.37,7.8,2,Yes,7,6,3,No
CLG0047,86,6.6,6.59,2,Yes,0,1,1,No
CLG0095,74,9.53,9.39,4,Yes,8,6,1,No
CLG0064,79,7.2,7.29,10,No,9,9,5,No
CLG0021,97,7.62,7.61,2,No,10,8,1,No
CLG0020,88,8.33,8.72,4,No,8,9,1,No
CLG0016,77,9.63,9.46,9,No,3,7,4,No
CLG0071,105,5.07,5.2,7,Yes,0,10,2,No
CLG0001,110,9.04,9.01,1,No,3,9,2,Yes
CLG0092,109,5.05,4.94,5,Yes,9,3,4,No
CLG0083,118,6.63,6.98,7,No,5,6,1,No
CLG0091,72,7.88,7.92,5,Yes,9,4,4,No
CLG0096,95,6.04,6.22,7,No,7,10,2,No
CLG0062,83,5.18,4.93,10,No,5,6,5,No
CLG0093,108,8.74,9.0,3,Yes,10,9,5,Yes
CLG0054,106,7.16,6.9,8,Yes,1,4,0,No
CLG0086,111,9.94,10.33,10,No,2,3,1,No
CLG0009,94,7.07,6.97,7,Yes,2,2,3,No
CLG0027,128,5.49,5.95,8,No,4,2,3,No
CLG0017,84,9.23,9.16,8,Yes,6,9,5,Yes
CLG0097,107,9.26,9.21,5,No,7,3,0,No
CLG0010,104,9.5,9.6,8,Yes,8,9,2,Yes
CLG0068,104,7.86,7.58,4,No,6,7,5,No
CLG0039,97,9.53,9.15,2,Yes,5,9,5,Yes
CLG0071,108,5.24,5.56,1,No,3,9,1,No
CLG0063,90,9.57,9.66,8,Yes,6,3,4,No
CLG0095,106,7.73,8.17,7,No,10,2,2,No
CLG0088,96,6.65,6.7,3,No,2,9,5,No
CLG0097,90,5.54,5.23,1,No,4,1,5,No
CLG0032,107,5.22,5.08,6,Yes,6,8,4,No
CLG0074,128,6.16,6.01,8,No,1,2,2,No
CLG0030,76,8.39,8.17,7,Yes,7,4,2,No
CLG0026,98,5.64,5.79,5,No,8,8,1,No
CLG0011,98,8.21,8.55,7,No,2,2,5,No
CLG0062,98,5.86,5.39,3,No,7,1,3,No
CLG0089,99,5.17,5.31,9,Yes,7,1,4,No
CLG0002,110,8.92,8.87,3,No,5,2,2,No
CLG0006,88,8.93,9.22,9,Yes,1,4,3,No
CLG0046,121,5.28,5.46,6,Yes,10,5,2,No
CLG0026,95,8.41,8.55,2,Yes,10,4,4,No
CLG0004,93,5.16,4.73,5,Yes,4,2,1,No
CLG0001,80,7.19,7.25,7,No,10,8,3,No
CLG0072,117,5.19,5.26,9,No,2,1,0,No
CLG0084,69,5.85,6.25,9,Yes,3,4,0,No
CLG0083,96,6.53,6.2,9,Yes,0,9,3,No
CLG0002,112,8.08,8.55,2,No,1,1,4,Yes
CLG0074,95,9.23,8.75,4,Yes,5,6,3,No
CLG0015,89,6.37,6.15,8,No,7,9,3,No
CLG0042,103,8.96,9.07,9,No,1,10,3,Yes
CLG0099,105,5.9,5.66,3,No,5,7,0,No
CLG0063,111,5.9,6.22,4,No,7,10,4,Yes
CLG0002,123,8.57,8.67,2,Yes,3,10,2,Yes
CLG0027,112,7.61,7.34,5,Yes,2,9,3,Yes
CLG0006,92,9.64,9.38,9,Yes,9,6,1,No
CLG0074,85,6.66,6.91,3,Yes,8,6,3,No
CLG0059,66,6.28,5.9,8,No,10,9,1,No
CLG0062,104,5.37,5.6,3,Yes,9,10,2,No
CLG0033,88,7.62,8.09,6,No,9,1,2,No
CLG0049,117,7.61,8.02,10,No,7,10,5,Yes
CLG0078,101,9.21,8.75,1,Yes,9,2,5,No
CLG0005,89,9.86,9.85,8,No,3,9,1,No
CLG0091,69,6.11,5.69,2,No,4,9,2,No
CLG0024,93,6.97,6.82,2,Yes,9,4,5,No
CLG0071,55,9.94,9.83,4,No,3,3,1,No
CLG0083,108,8.47,8.35,4,No,10,3,3,No
CLG0038,117,7.98,8.03,6,No,5,4,3,Yes
CLG0015,66,7.33,7.41,4,No,5,1,5,No
CLG0085,94,6.51,6.93,2,No,4,5,5,No
CLG0063,107,5.69,6.1,5,No,5,8,1,No
CLG0013,109,6.65,7.07,10,No,5,8,4,No
CLG0041,86,7.74,8.08,2,No,9,3,0,No
CLG0027,75,8.51,8.14,5,No,7,1,2,No
CLG0061,122,6.27,5.91,5,Yes,5,7,3,No
CLG0073,95,7.26,7.69,8,Yes,4,1,2,No
CLG0075,115,8.82,8.68,6,No,8,6,0,No
CLG0064,106,7.25,7.49,7,Yes,3,6,2,No
CLG0032,129,5.93,6.3,9,Yes,0,1,2,No
CLG0062,122,6.6,6.44,4,No,10,10,0,No
CLG0026,105,9.14,8.97,9,Yes,0,10,5,Yes
CLG0008,110,7.41,6.95,8,Yes,7,6,3,No
CLG0100,93,6.79,7.15,6,Yes,10,5,3,No
CLG0038,82,7.36,7.38,3,Yes,4,4,2,No
CLG0015,104,8.43,8.13,3,Yes,4,6,1,No
CLG0020,87,7.32,7.68,2,No,9,4,4,No
CLG0035,98,5.05,5.52,5,No,9,2,1,No
CLG0049,103,6.92,6.83,10,No,4,5,3,No
CLG0079,97,9.95,10.34,3,No,5,4,2,No
CLG0005,109,8.39,8.42,2,No,9,5,2,No
CLG0005,110,7.28,7.17,4,Yes,0,9,0,No
CLG0030,101,9.75,9.33,10,No,6,7,4,No
CLG0025,92,9.99,9.79,1,Yes,9,9,4,Yes
CLG0024,97,7.42,7.49,7,No,9,9,2,No
CLG0098,111,8.4,8.29,8,No,3,6,1,No
CLG0094,95,9.36,9.1,1,No,3,6,1,No
CLG0027,110,9.56,9.8,4,No,1,3,0,No
CLG0055,84,8.48,8.69,6,No,5,6,3,No
CLG0096,105,5.68,5.56,3,No,6,4,2,No
CLG0034,107,9.18,8.86,2,Yes,0,2,3,No
CLG0058,92,6.55,6.43,1,No,2,6,5,No
CLG0077,88,7.7,8.11,5,Yes,1,7,5,No
CLG0014,107,7.05,6.58,10,No,6,2,4,No
CLG0026,104,9.32,9.16,7,No,10,1,4,No
CLG0032,115,5.66,5.58,6,Yes,2,2,3,No
CLG0089,100,5.33,5.47,9,Yes,4,4,3,No
CLG0062,106,7.04,6.58,10,No,0,2,4,No
CLG0081,125,7.74,7.32,3,No,3,3,1,No
CLG0012,106,8.69,8.55,1,No,9,8,2,Yes
CLG0022,87,5.38,5.33,10,Yes,4,3,0,No
CLG0096,93,7.79,7.61,6,No,3,5,3,No
CLG0038,114,9.26,9.66,10,No,7,10,1,Yes
CLG0033,93,8.45,8.23,8,No,9,7,2,No
CLG0052,97,9.31,9.25,1,Yes,4,10,2,Yes
CLG0096,101,7.23,7.33,7,No,4,5,0,No
CLG0026,79,5.14,5.16,5,No,9,9,1,No
CLG0088,116,5.07,5.3,10,No,10,10,2,Yes
CLG0017,99,5.01,4.56,5,Yes,0,9,4,No
CLG0018,114,9.79,9.78,4,No,4,4,4,Yes
CLG0040,108,8.65,9.06,1,No,2,1,3,No
CLG0071,101,9.64,9.53,5,Yes,1,10,4,Yes
CLG0018,95,5.37,5.85,8,No,4,5,5,No
CLG0058,92,5.59,6.02,3,Yes,9,3,4,No
CLG0027,108,6.54,6.77,10,No,8,7,2,No
CLG0053,99,9.45,9.82,6,No,7,6,2,No
CLG0067,107,8.27,8.36,7,Yes,2,8,5,Yes
CLG0043,107,6.38,6.71,10,No,9,10,1,No
CLG0062,98,7.53,7.91,3,No,1,7,3,No
CLG0086,97,9.93,10.0,8,No,8,3,1,No
CLG0031,115,9.65,9.54,1,No,10,6,5,Yes
CLG0045,108,5.86,6.1,5,No,0,6,3,No
CLG0040,102,8.75,9.15,7,Yes,0,2,0,No
CLG0082,90,5.54,6.01,1,Yes,6,7,4,No
CLG0053,100,9.65,9.22,10,Yes,4,9,5,Yes
CLG0081,116,7.01,7.37,4,No,4,9,2,Yes
CLG0094,123,7.19,7.08,10,Yes,10,6,0,No
CLG0007,104,9.27,9.3,9,No,3,6,1,No
CLG0094,93,5.61,5.16,1,Yes,7,2,1,No
CLG0041,125,5.67,6.13,2,No,4,3,4,No
CLG0046,105,5.09,5.39,4,Yes,0,5,5,No
CLG0076,73,6.55,6.89,10,Yes,9,1,4,No
CLG0021,82,9.14,9.31,9,No,2,9,2,Yes
CLG0082,92,6.88,6.45,1,No,8,6,2,No
CLG0093,122,7.59,7.76,10,Yes,10,3,0,No
CLG0045,100,7.54,7.25,5,Yes,7,3,2,No
CLG0051,113,8.01,8.19,7,Yes,4,2,2,Yes
CLG0099,101,9.5,9.84,6,No,10,8,3,Yes
CLG0006,109,6.01,6.21,4,No,10,4,4,No
CLG0071,103,9.42,9.34,3,No,8,6,2,No
CLG0080,103,9.55,9.51,2,No,9,2,4,No
CLG0014,107,9.37,9.12,6,No,1,8,0,No
CLG0019,78,8.88,8.79,2,No,2,10,4,Yes
CLG0079,84,5.1,4.72,10,No,6,3,0,No
CLG0051,94,9.88,10.35,10,No,9,7,5,No
CLG0018,105,7.53,7.14,9,No,0,1,5,No
CLG0091,110,5.96,6.38,7,No,6,7,5,No
CLG0017,92,7.9,7.53,1,Yes,2,3,0,No
CLG0055,92,9.42,9.35,4,No,9,9,3,Yes
CLG0048,101,8.47,8.06,5,Yes,1,5,2,No
CLG0045,126,7.92,8.34,2,Yes,0,5,2,Yes
CLG0013,121,8.67,9.03,8,No,10,10,5,Yes
CLG0092,102,5.69,6.13,1,Yes,6,1,2,No
CLG0001,97,6.78,6.28,10,No,2,4,5,No
CLG0013,80,7.23,7.66,5,No,9,1,3,No
CLG0037,81,9.81,9.89,1,No,3,7,1,No
CLG0008,112,6.41,5.92,1,Yes,1,6,4,No
CLG0041,90,7.61,7.17,10,No,6,2,2,No
CLG0039,60,6.58,6.76,1,Yes,0,4,3,No
CLG0002,96,5.78,6.19,10,No,3,4,0,No
CLG0066,119,5.18,5.53,6,Yes,10,3,2,No
CLG0061,97,6.79,6.32,7,Yes,7,7,3,No
CLG0010,103,6.96,7.41,10,Yes,9,4,2,No
CLG0058,102,8.29,7.9,6,Yes,3,9,0,No
CLG0063,111,8.08,7.63,10,No,0,5,1,No
CLG0098,101,6.3,6.61,3,Yes,5,9,3,No
CLG0075,80,7.76,7.36,9,No,9,10,4,No
CLG0025,111,8.03,7.67,10,No,3,2,5,No
CLG0005,65,9.87,9.88,6,Yes,9,5,1,No
CLG0084,106,5.36,5.01,8,No,2,5,1,No
CLG0026,116,7.68,8.13,10,No,3,1,5,Yes
CLG0096,102,7.22,7.14,9,Yes,4,10,0,No
CLG0014,116,7.71,7.67,8,No,10,5,3,No
CLG0049,103,6.12,5.86,8,No,6,8,0,No
CLG0096,105,6.74,6.77,4,No,1,4,2,No
CLG0027,98,5.56,5.12,6,No,5,4,4,No
CLG0010,104,7.64,7.39,4,No,6,4,1,No
CLG0088,104,5.06,5.16,5,No,10,10,1,No
CLG0072,107,9.08,8.64,9,Yes,3,1,2,No
CLG0023,93,7.22,7.41,10,No,8,2,2,No
CLG0047,115,6.2,6.11,2,Yes,4,3,2,No
CLG0033,98,9.9,10.25,5,Yes,6,8,4,Yes
CLG0051,91,9.16,9.63,6,Yes,7,10,1,No
CLG0078,113,6.07,5.97,7,No,7,6,0,No
CLG0049,94,7.73,7.83,7,Yes,2,10,3,No
CLG0011,114,8.33,8.25,7,No,4,2,4,Yes
CLG0083,94,5.11,5.04,4,Yes,9,1,0,No
CLG0041,97,8.01,7.89,6,No,5,6,2,No
CLG0100,102,8.74,8.74,3,No,7,3,1,No
CLG0032,103,7.8,7.97,3,No,3,3,2,No
CLG0067,109,7.76,7.27,1,Yes,4,10,2,No
CLG0099,94,8.62,8.29,6,No,8,7,3,No
CLG0027,102,6.5,6.81,2,No,1,6,4,No
CLG0055,112,7.56,7.82,7,Yes,5,3,0,No
CLG0077,93,8.41,8.32,4,No,4,9,4,Yes
CLG0028,108,7.84,7.78,7,No,5,8,2,No
CLG0040,109,6.48,6.6,6,No,10,6,4,No
CLG0058,128,5.62,5.58,5,Yes,10,10,1,No
CLG0025,75,6.3,6.76,2,No,4,4,5,No
CLG0050,93,9.34,9.71,10,Yes,4,10,3,Yes
CLG0057,95,5.85,5.72,2,Yes,9,9,5,No
CLG0014,94,9.34,9.33,6,No,4,7,5,No
CLG0047,81,9.33,9.3,9,No,5,9,0,No
CLG0087,89,9.07,8.97,2,No,0,9,2,Yes
CLG0003,99,7.38,7.4,3,Yes,9,2,4,No
CLG0096,88,8.63,8.89,8,No,5,3,4,No
CLG0059,112,5.23,4.94,10,Yes,9,1,2,No
CLG0024,134,5.42,5.37,3,No,1,6,2,No
CLG0077,81,8.85,8.86,6,No,8,1,5,No
CLG0030,99,6.54,6.5,6,No,10,8,2,No
CLG0086,125,5.16,5.27,3,No,3,2,1,No
CLG0008,109,5.12,5.47,4,Yes,9,7,4,No
CLG0078,104,7.51,7.29,8,No,3,9,0,No
CLG0063,129,9.54,9.48,6,No,10,9,2,Yes
CLG0096,101,5.64,6.04,10,Yes,5,7,1,No
CLG0033,78,9.86,9.76,2,No,8,6,0,No
CLG0100,103,7.43,7.44,4,No,10,8,3,No
CLG0035,125,7.24,7.29,10,Yes,6,6,3,No
CLG0031,88,7.44,7.76,6,No,10,9,0,No
CLG0069,108,8.16,8.24,3,Yes,5,7,5,No
CLG0021,95,6.18,6.08,3,No,4,10,5,No
CLG0011,76,5.09,4.77,6,Yes,3,5,1,No
CLG0088,79,9.91,10.03,2,No,2,2,0,No
CLG0072,97,9.85,10.06,6,No,0,7,5,No
CLG0053,108,6.62,6.34,3,Yes,7,1,2,No
CLG0063,107,9.36,9.68,6,Yes,0,9,4,Yes
CLG0077,95,6.39,6.86,10,No,9,7,0,No
CLG0024,109,6.25,6.52,7,No,9,6,5,No
CLG0052,74,7.87,7.68,9,Yes,4,4,5,No
CLG0049,107,5.21,4.77,3,Yes,8,10,2,No
CLG0012,87,6.69,6.88,6,No,4,5,0,No
CLG0029,124,5.81,5.92,10,No,1,3,5,No
CLG0058,98,7.45,7.24,9,Yes,3,3,2,No
CLG0063,88,8.95,8.93,6,Yes,7,6,3,No
CLG0098,117,8.93,8.68,9,Yes,4,3,5,Yes
CLG0016,122,6.4,6.0,6,No,1,3,0,No
CLG0077,83,5.38,5.39,5,No,6,3,5,No
CLG0075,105,5.67,5.41,6,Yes,7,10,0,No
CLG0098,101,8.64,8.67,4,Yes,0,7,0,No
CLG0046,110,7.25,7.03,5,Yes,3,10,4,No
CLG0047,105,6.19,5.92,2,No,9,5,5,No
CLG0074,99,5.9,6.2,8,Yes,8,1,1,No
CLG0055,115,6.69,6.58,4,Yes,6,5,1,No
CLG0039,100,5.61,5.64,4,No,3,3,4,No
CLG0026,111,7.27,7.46,9,No,9,4,4,No
CLG0099,105,9.85,9.88,4,Yes,7,6,0,No
CLG0005,122,5.14,5.41,6,No,7,6,5,No
CLG0055,120,9.93,9.6,3,Yes,2,7,1,No
CLG0019,99,7.66,7.7,7,No,10,8,4,No
CLG0093,98,5.61,5.76,7,No,6,4,5,No
CLG0027,103,5.1,5.21,2,No,8,1,0,No
CLG0036,118,5.0,5.41,2,No,9,5,1,No
CLG0095,110,5.14,5.1,5,Yes,3,3,3,No
CLG0084,128,7.32,7.57,2,No,6,6,0,No
CLG0049,100,7.25,7.64,8,Yes,5,8,1,No
CLG0028,119,5.32,5.26,7,No,9,5,5,No
CLG0043,98,5.32,5.16,4,No,0,5,4,No
CLG0084,98,9.33,9.46,4,No,0,7,0,No
CLG0059,121,8.85,8.47,8,Yes,2,1,2,Yes
CLG0002,118,9.42,9.64,9,No,6,5,2,Yes
CLG0018,122,8.16,7.74,4,No,4,2,2,No
CLG0100,94,7.49,7.03,3,No,3,8,3,No
CLG0078,132,9.83,9.6,1,Yes,1,7,1,No
CLG0016,109,9.45,9.37,10,No,10,2,0,No
CLG0030,85,9.16,8.81,4,Yes,7,9,3,Yes
CLG0012,106,9.85,10.03,10,No,10,9,4,Yes
CLG0059,94,9.67,10.06,10,No,9,5,3,No
CLG0032,107,6.8,6.57,8,No,6,10,2,No
CLG0016,111,5.73,5.38,7,Yes,8,3,3,No
CLG0057,97,8.93,8.92,9,No,8,5,1,No
CLG0095,105,8.04,7.66,9,No,5,5,5,No
CLG0031,85,5.48,5.58,8,Yes,9,8,3,No
CLG0053,111,9.41,9.86,5,Yes,9,10,4,Yes
CLG0042,103,5.52,5.3,4,No,9,1,2,No
CLG0061,91,8.08,8.41,8,Yes,5,8,3,Yes
CLG0086,91,9.27,8.89,1,No,9,7,3,No
CLG0010,97,8.76,8.91,10,No,9,2,4,No
CLG0002,97,8.09,7.89,3,Yes,5,3,4,No
CLG0030,129,7.15,6.91,2,No,10,3,2,No
CLG0060,103,8.3,8.33,6,Yes,2,6,5,No
CLG0045,98,8.19,7.77,4,No,2,5,3,No
CLG0035,99,6.74,6.37,8,Yes,9,2,3,No
CLG0062,134,7.81,7.43,10,No,1,1,5,No
CLG0095,108,6.91,7.05,1,No,1,3,3,No
CLG0039,90,8.69,8.85,9,No,8,9,5,Yes
CLG0027,111,5.77,6.17,6,No,2,2,2,No
CLG0074,72,5.59,5.46,2,Yes,8,6,3,No
CLG0005,107,6.77,6.88,2,No,4,7,4,No
CLG0047,92,7.44,7.84,9,Yes,4,1,1,No
CLG0083,68,5.69,5.51,1,No,0,10,5,No
CLG0012,105,6.83,6.5,5,No,5,4,2,No
CLG0047,107,5.93,5.44,2,No,1,2,0,No
CLG0046,116,8.41,8.54,10,No,0,8,1,Yes
CLG0058,73,5.09,5.27,2,Yes,8,4,1,No
CLG0023,86,8.05,8.36,3,No,8,8,5,Yes
CLG0004,92,7.58,7.94,4,Yes,3,1,2,No
CLG0045,89,6.8,7.16,6,No,0,1,0,No
CLG0028,69,8.35,8.26,3,No,6,5,2,No
CLG0027,101,6.55,6.13,6,Yes,10,10,2,No
CLG0012,102,6.69,7.09,5,No,7,6,5,No
CLG0054,114,7.76,8.23,7,Yes,6,3,5,Yes
CLG0097,126,8.84,8.55,2,No,10,9,1,Yes
CLG0056,89,9.97,9.83,3,Yes,0,2,0,No
CLG0062,112,8.61,8.8,1,Yes,2,7,5,Yes
CLG0034,103,9.75,9.29,4,No,4,2,3,No
CLG0066,91,9.29,8.88,3,No,7,7,0,No
CLG0052,80,7.08,7.41,6,Yes,6,4,5,No
CLG0097,96,7.15,7.3,9,No,10,9,4,No
CLG0041,99,9.61,9.35,8,Yes,3,2,2,No
CLG0075,87,6.32,6.42,9,No,10,5,1,No
CLG0073,77,7.29,7.15,2,No,3,2,4,No
CLG0081,101,8.95,8.69,9,No,6,4,0,No
CLG0041,78,6.47,6.65,9,No,6,3,0,No
CLG0015,78,5.86,5.56,7,Yes,3,6,2,No
CLG0017,114,7.83,8.26,4,No,8,5,1,No
CLG0035,100,6.94,6.74,8,Yes,10,3,0,No
CLG0093,95,7.44,7.71,3,No,6,3,2,No
CLG0006,109,5.43,5.78,10,Yes,1,10,0,No
CLG0087,120,9.3,9.4,7,No,3,1,3,Yes
CLG0077,88,8.35,7.85,7,No,6,9,3,No
CLG0010,132,5.75,5.95,9,Yes,2,8,2,Yes
CLG0057,100,6.89,6.46,6,Yes,1,1,2,No
CLG0091,117,8.92,8.79,7,Yes,7,1,1,No
CLG0022,126,6.73,6.96,9,No,9,7,1,No
CLG0055,93,7.27,7.51,10,Yes,10,3,4,No
CLG0057,67,7.32,6.97,4,No,10,9,2,No
CLG0069,127,5.91,6.07,2,Yes,0,6,0,No
CLG0082,90,8.39,8.88,4,No,2,7,0,No
CLG0007,83,7.95,7.64,7,No,6,1,3,No
CLG0028,89,8.62,8.22,1,No,1,7,1,No
CLG0055,83,5.81,6.02,5,Yes,6,10,3,No
CLG0038,104,7.18,7.33,5,Yes,10,4,5,No
CLG0039,98,5.68,5.18,8,Yes,9,6,0,No
CLG0039,106,8.8,9.07,1,No,8,4,0,No
CLG0029,82,9.36,9.76,7,No,4,8,1,No
CLG0014,88,9.77,9.65,2,Yes,6,4,4,No
CLG0100,111,9.07,9.15,6,Yes,8,10,2,Yes
CLG0028,114,5.81,6.0,9,No,8,1,0,No
CLG0004,96,7.91,7.69,7,No,8,10,2,No
CLG0064,95,8.56,8.89,1,No,10,2,1,No
CLG0098,112,5.88,5.65,10,Yes,10,2,5,No
CLG0049,87,9.33,8.86,1,Yes,9,5,1,No
CLG0048,107,7.99,7.75,9,No,8,2,0,No
CLG0047,99,5.26,5.12,2,No,0,9,2,No
CLG0012,87,9.03,9.5,10,Yes,1,6,5,No
CLG0009,100,5.32,4.94,9,Yes,8,10,0,No
CLG0043,108,9.49,9.38,7,No,8,10,4,Yes
CLG0023,97,7.21,6.8,1,No,9,2,5,No
CLG0004,81,7.29,7.09,2,Yes,7,2,5,No
CLG0005,93,5.91,5.81,9,No,1,7,2,No
CLG0067,125,7.94,7.45,5,No,1,8,3,Yes
CLG0010,112,8.16,8.22,5,No,1,4,1,No
CLG0085,113,8.52,8.42,8,Yes,0,9,3,Yes
CLG0039,103,9.4,9.53,9,No,2,3,1,No
CLG0078,94,6.08,5.8,2,Yes,5,7,4,No
CLG0009,100,7.05,7.35,7,Yes,4,5,3,No
CLG0095,75,8.94,8.69,9,Yes,5,2,3,No
CLG0007,116,6.8,7.3,2,No,3,7,5,No
CLG0052,102,5.46,5.94,10,No,6,6,0,No
CLG0025,87,6.35,5.95,1,No,4,6,2,No
CLG0003,100,7.07,7.43,7,No,8,4,5,No
CLG0073,104,5.74,5.72,1,No,9,4,4,No
CLG0017,108,6.12,6.56,10,No,4,6,5,No
CLG0067,113,7.04,6.89,9,No,2,4,5,No
CLG0036,106,6.49,6.72,7,Yes,4,2,3,No
CLG0078,110,5.23,5.38,10,Yes,3,10,4,No
CLG0041,99,5.48,5.56,3,Yes,10,1,0,No
CLG0080,102,6.59,6.58,10,Yes,5,2,2,No
CLG0068,92,9.53,9.26,1,Yes,4,6,5,No
CLG0080,113,7.27,7.44,2,Yes,9,10,2,Yes
CLG0072,87,6.33,6.71,2,Yes,2,8,2,No
CLG0061,122,7.78,8.06,4,Yes,8,4,2,Yes
CLG0082,118,5.89,6.26,10,No,3,9,0,No
CLG0097,84,6.79,7.11,1,Yes,9,9,0,No
CLG0075,112,9.48,9.22,4,No,9,10,5,Yes
CLG0019,97,9.99,9.96,2,No,10,1,0,No
CLG0036,107,7.81,8.07,1,No,7,7,1,No
CLG0033,122,6.2,6.09,6,No,6,3,2,No
CLG0006,94,5.13,4.91,8,No,9,4,0,No
CLG0073,96,6.43,6.35,7,Yes,1,5,3,No
CLG0014,121,6.06,6.44,6,Yes,0,4,3,No
CLG0090,78,9.35,9.4,6,Yes,2,6,2,No
CLG0076,108,7.24,7.44,6,Yes,1,1,4,No
CLG0029,85,9.07,8.75,5,No,9,8,1,No
CLG0045,108,7.99,7.61,10,Yes,2,10,4,No
CLG0041,96,6.61,6.16,4,No,1,3,0,No
CLG0006,111,5.38,5.88,8,No,8,5,5,No
CLG0005,112,7.89,7.63,4,Yes,1,9,2,Yes
CLG0038,79,8.66,9.12,10,Yes,10,8,0,No
CLG0045,103,9.26,9.02,10,No,5,3,1,No
CLG0086,110,5.07,4.81,3,No,8,3,2,No
CLG0042,105,9.57,9.73,7,No,9,8,3,Yes
CLG0034,111,5.29,5.59,6,No,9,7,2,No
CLG0032,117,9.44,9.09,4,No,0,2,1,No
CLG0084,107,6.55,6.17,8,No,0,5,3,No
CLG0049,119,5.11,4.7,8,No,8,2,3,No
CLG0049,116,7.55,7.27,9,No,4,1,3,No
CLG0005,86,6.86,6.87,3,No,2,8,1,No
CLG0076,99,9.43,9.52,1,No,4,1,0,No
CLG0073,83,7.51,7.59,2,Yes,9,8,1,No
CLG0055,101,9.52,9.09,10,No,2,8,2,Yes
CLG0037,98,8.12,7.69,7,No,3,3,5,No
CLG0061,114,9.45,9.92,6,Yes,5,1,1,No
CLG0035,103,6.3,6.37,2,No,8,6,0,No
CLG0060,77,8.06,8.35,2,Yes,5,3,3,No
CLG0075,101,6.64,7.11,10,No,8,8,3,No
CLG0045,102,5.74,5.79,2,No,6,3,5,No
CLG0027,115,7.86,8.01,10,No,1,8,2,Yes
CLG0073,116,8.61,8.51,4,No,1,1,5,Yes
CLG0036,90,5.55,5.18,1,No,5,7,5,No
CLG0100,80,9.47,9.28,4,No,5,4,2,No
CLG0072,71,9.91,9.84,1,No,5,4,5,No
CLG0019,74,6.49,6.72,2,Yes,4,3,1,No
CLG0069,111,8.98,8.66,9,No,3,4,5,Yes
CLG0035,90,5.25,5.24,2,Yes,5,1,5,No
CLG0009,106,8.42,8.19,4,Yes,4,4,5,No
CLG0070,106,8.76,8.34,6,Yes,9,1,4,No
CLG0064,75,8.75,8.71,2,No,7,8,4,Yes
CLG0002,113,5.88,5.79,9,No,9,5,5,No
CLG0036,101,8.9,8.57,8,Yes,4,8,0,No
CLG0049,111,5.85,6.27,9,No,9,6,5,No
CLG0081,107,6.86,6.76,8,No,5,5,0,No
CLG0017,96,5.22,4.87,5,Yes,6,10,1,No
CLG0067,109,6.73,6.68,10,Yes,3,8,2,No
CLG0075,97,8.56,8.82,6,No,9,2,1,No
CLG0058,81,9.34,9.28,5,Yes,2,9,2,Yes
CLG0053,72,7.31,7.2,1,No,10,2,0,No
CLG0063,109,6.32,5.85,4,No,8,3,3,No
CLG0019,118,6.08,6.41,4,No,3,4,2,No
CLG0061,82,5.01,4.92,10,No,5,8,3,No
CLG0069,93,7.66,8.11,10,No,4,2,2,No
CLG0084,118,9.14,9.14,9,No,7,2,4,Yes
CLG0077,102,8.58,8.99,6,No,9,4,1,No
CLG0017,114,9.99,10.01,5,Yes,8,7,1,No
CLG0064,79,9.44,9.41,1,Yes,9,2,0,No
CLG0018,99,7.5,7.2,10,Yes,3,1,2,No
CLG0039,116,6.58,6.48,8,No,6,1,1,No
CLG0056,95,7.09,7.07,7,Yes,0,8,3,No
CLG0099,96,8.2,8.3,7,No,1,9,4,Yes
CLG0075,85,6.16,5.76,7,Yes,8,4,0,No
CLG0062,68,7.53,7.17,1,Yes,5,8,0,No
CLG0001,99,6.09,5.89,9,Yes,6,2,0,No
CLG0034,138,7.39,7.3,2,No,0,2,0,No
CLG0036,66,9.38,9.17,6,No,0,6,4,No
CLG0015,91,7.47,7.03,10,Yes,2,8,3,No
CLG0029,96,8.98,9.17,2,No,8,9,2,Yes
CLG0072,78,9.9,10.18,6,No,4,10,1,No
CLG0015,104,6.06,6.25,2,Yes,3,2,2,No
CLG0086,104,8.83,8.77,7,No,3,2,2,No
CLG0069,89,9.87,9.69,7,Yes,10,8,3,Yes
CLG0050,83,7.51,7.77,8,No,10,3,1,No
CLG0047,77,9.76,9.48,5,No,2,6,0,No
CLG0061,102,8.67,8.87,6,No,3,8,2,Yes
CLG0088,76,7.53,7.53,2,Yes,6,8,0,No
CLG0045,99,5.8,5.94,6,No,2,7,5,No
CLG0038,105,8.9,9.23,6,No,8,2,3,No
CLG0051,104,8.99,8.77,9,No,4,10,4,Yes
CLG0045,119,8.5,8.56,2,Yes,5,2,4,Yes
CLG0009,80,5.53,5.23,8,No,1,6,5,No
CLG0035,93,6.11,5.68,1,No,1,7,3,No
CLG0083,87,6.26,6.16,10,No,10,4,2,No
CLG0033,86,6.42,6.29,1,No,10,3,4,No
CLG0023,100,8.53,8.7,3,No,10,3,3,No
CLG0008,89,6.73,6.98,10,Yes,5,10,4,No
CLG0066,80,9.11,8.74,7,Yes,8,4,3,No
CLG0022,81,8.11,8.18,7,No,10,5,4,No
CLG0078,110,8.52,8.27,5,Yes,3,2,3,No
CLG0025,113,8.27,8.62,5,No,5,1,3,Yes
CLG0004,109,6.89,7.36,10,Yes,8,9,0,No
CLG0007,67,8.03,8.47,4,No,3,10,0,No
CLG0062,123,6.75,6.49,9,No,4,5,4,No
CLG0056,88,8.28,8.71,6,No,4,8,2,Yes
CLG0078,103,5.01,4.61,2,Yes,0,10,4,No
CLG0020,95,9.14,9.46,6,No,4,9,1,No
CLG0063,87,8.46,8.57,5,Yes,9,7,0,No
CLG0021,98,9.66,10.03,1,Yes,0,4,5,No
CLG0018,92,9.06,8.9,5,No,8,9,2,Yes
CLG0076,87,5.87,5.77,1,Yes,7,10,3,No
CLG0004,69,7.62,7.9,3,No,8,4,0,No
CLG0010,75,8.95,9.27,3,No,8,9,5,Yes
CLG0069,98,8.09,7.81,7,No,6,5,1,No
CLG0061,97,6.84,6.86,10,Yes,0,3,5,No
CLG0043,93,9.89,10.38,7,Yes,5,7,2,No
CLG0045,88,6.71,6.22,2,No,4,5,2,No
CLG0078,86,5.16,5.56,2,Yes,7,4,2,No
CLG0009,117,8.99,9.03,10,No,10,8,1,Yes
CLG0034,98,5.31,5.38,6,No,1,4,2,No
CLG0089,97,8.34,8.34,2,No,7,4,4,No
CLG0080,87,9.24,9.33,2,Yes,1,1,3,No
CLG0073,78,9.81,10.01,1,No,9,4,5,No
CLG0091,109,7.79,7.72,8,No,0,8,3,No
CLG0037,147,8.34,7.9,6,Yes,0,9,1,No
CLG0051,90,6.74,6.42,10,Yes,9,6,0,No
CLG0064,98,8.08,7.62,7,Yes,7,8,4,No
CLG0039,97,6.37,6.06,4,Yes,8,9,5,No
CLG0072,112,7.02,7.42,10,No,8,2,2,No
CLG0079,87,8.67,8.48,5,No,4,8,2,Yes
CLG0053,113,5.85,5.94,2,No,7,6,3,No
CLG0090,120,5.93,5.54,5,Yes,8,9,4,Yes
CLG0041,109,7.29,7.29,1,Yes,8,10,2,No
CLG0054,56,5.41,5.02,2,Yes,3,4,4,No
CLG0045,116,5.38,5.58,8,Yes,8,8,3,Yes
